experiment,benchmark,compiler,1q_gates,Algorithm,Backend,Circuit_Depth,Compiler,Entropy_Delta,Execution_ID,HOP,Hellinger_distance,Hellinger_fidelity,JSD,Job_ID,KL_Divergence,PROM_2Q_Gates,PROM_Depth,PROM_Entropy,PROM_HOP,PROM_KL_Div,PROM_XEB,Qubits,Renyi2_entropy,SABRE_2Q_Gates,SABRE_Depth,SABRE_Entropy,SABRE_HOP,SABRE_KL_Div,SABRE_XEB,Shannon_Entropy,Shannon_entropy,TVD,abstract_2q_operations,algorithmic_success,algorithmic_success_margin_95,bootstrap_uncertainty,compile_time_sec,depth,execution_index,final_native_2q_operations,gate_count,heavy_output_probability,logical_1q_gates,logical_abstract_2q_gates,logical_depth,logical_gate_count,min_entropy,native_2q_operations,one_qubit_depth,routing_induced_2q_overhead,routing_induced_swaps,scheduled_duration_dt,semantic_fidelity,status,total_2q_expansion,two_qubit_depth
03-micro-gradient-scaling,QFT_5_NONTRIVIAL,TKET,26.0,,,,,,,,0.0287,0.998353,0.001188,,,,,,,,,,4.990578,,,,,,,,4.995258,0.0349,29.0,,,"{'Hellinger_fidelity_std': 0.000427, 'TVD_std': 0.004, 'JSD_std': 0.000308}",0.766225,191.0,0.0,47.0,55.0,"{'value': 0.1199, 'status': 'VALID'}",7.0,12.0,12.0,19.0,4.816037,,15.0,17.0,,,,COMPILED_UNVERIFIED,3.916667,33.0
03-micro-gradient-scaling,QFT_3_NONTRIVIAL,PROMETHEUS,125.0,,,,,,,,0.031549,0.99801,0.001436,,,,,,,,,,2.98839,,,,,,,,2.994232,0.04,12.0,,,"{'Hellinger_fidelity_std': 0.000453, 'TVD_std': 0.004914, 'JSD_std': 0.000327}",1.31945,89.0,1.0,12.0,137.0,"{'value': 0, 'status': 'VALID'}",4.0,4.0,8.0,8.0,2.776948,,79.0,8.0,,,,COMPILED_UNVERIFIED,3.0,12.0
03-micro-gradient-scaling,QAOA_9_MAXCUT,PROMETHEUS,497.0,,,,,,,,0.22075,0.904913,0.067422,,,,,,,,,,8.195936,,,,,,,,8.644291,0.234195,119.0,,,"{'Hellinger_fidelity_std': 0.002843, 'TVD_std': 0.004313, 'JSD_std': 0.002014}",0.064024,324.0,2.0,119.0,616.0,"{'value': 0.6905, 'status': 'VALID'}",18.0,13.0,10.0,31.0,5.368849,,252.0,106.0,,,,COMPILED_UNVERIFIED,9.153846,83.0
03-micro-gradient-scaling,QFT_8_NONTRIVIAL,TKET,65.0,,,,,,,,0.076649,0.988284,0.008448,,,,,,,,,,7.934199,,,,,,,,7.966383,0.085819,86.0,,,"{'Hellinger_fidelity_std': 0.00117, 'TVD_std': 0.003882, 'JSD_std': 0.000843}",1.353165,362.0,3.0,146.0,151.0,"{'value': 0.3289, 'status': 'VALID'}",11.0,32.0,18.0,43.0,7.333516,,27.0,54.0,,,,COMPILED_UNVERIFIED,4.5625,63.0
03-micro-gradient-scaling,QAOA_9_MAXCUT,SABRE_O3,191.0,,,,,,,,0.358989,0.758862,0.173044,,,,,,,,,,8.265664,,,,,,,,8.623022,0.387771,54.0,,,"{'Hellinger_fidelity_std': 0.004602, 'TVD_std': 0.004674, 'JSD_std': 0.003365}",0.009416,102.0,4.0,54.0,245.0,"{'value': 0.5583, 'status': 'VALID'}",18.0,13.0,10.0,31.0,6.221623,,68.0,41.0,,,,COMPILED_UNVERIFIED,4.153846,33.0
03-micro-gradient-scaling,QAOA_5_MAXCUT,SABRE_O3,83.0,,,,,,,,0.162503,0.947883,0.028326,,,,,,,,,,4.243636,,,,,,,,4.537604,0.088296,19.0,,,"{'Hellinger_fidelity_std': 0.002271, 'TVD_std': 0.004268, 'JSD_std': 0.001261}",0.008598,54.0,5.0,19.0,102.0,"{'value': 0.811, 'status': 'VALID'}",10.0,7.0,8.0,17.0,3.190997,,39.0,12.0,,,,COMPILED_UNVERIFIED,2.714286,14.0
03-micro-gradient-scaling,QAOA_6_MAXCUT,TKET,24.0,,,,,,,,0.30625,0.821219,0.13133,,,,,,,,,,5.758402,,,,,,,,5.882723,0.354679,29.0,,,"{'Hellinger_fidelity_std': 0.003599, 'TVD_std': 0.004252, 'JSD_std': 0.002686}",0.704588,177.0,6.0,51.0,53.0,"{'value': 0.6142, 'status': 'VALID'}",12.0,9.0,9.0,21.0,4.651088,,12.0,20.0,,,,COMPILED_UNVERIFIED,5.666667,37.0
03-micro-gradient-scaling,GHZ_3,TKET,1.0,,,,,,,,0.144004,0.958956,0.020953,,,,,,,,,,1.114582,,,,,,,,1.287703,0.0431,2.0,0.9595,0.003864,"{'Hellinger_fidelity_std': 0.001951, 'TVD_std': 0.003798, 'JSD_std': 0.001012}",0.466432,14.0,7.0,2.0,3.0,"{'value': 0, 'status': 'VALID'}",1.0,2.0,4.0,3.0,0.992517,,1.0,0.0,,,,COMPILED_UNVERIFIED,1.0,2.0
03-micro-gradient-scaling,GHZ_9,PROMETHEUS,53.0,,,,,,,,0.228289,0.898484,0.052742,,,,,,,,,,1.306288,,,,,,,,1.885698,0.1014,8.0,0.8986,0.005916,"{'Hellinger_fidelity_std': 0.003058, 'TVD_std': 0.003062, 'JSD_std': 0.00165}",1.292382,38.0,8.0,8.0,61.0,"{'value': 0, 'status': 'VALID'}",1.0,8.0,10.0,9.0,1.121863,,29.0,0.0,,,,COMPILED_UNVERIFIED,1.0,8.0
03-micro-gradient-scaling,QAOA_3_MAXCUT,SABRE_O3,42.0,,,,,,,,0.061859,0.992362,0.005514,,,,,,,,,,2.41467,,,,,,,,2.690819,0.076699,9.0,,,"{'Hellinger_fidelity_std': 0.000875, 'TVD_std': 0.004669, 'JSD_std': 0.000632}",0.007334,38.0,9.0,9.0,51.0,"{'value': 0.7217, 'status': 'VALID'}",6.0,3.0,6.0,9.0,1.79636,,28.0,6.0,,,,COMPILED_UNVERIFIED,3.0,9.0
03-micro-gradient-scaling,QAOA_3_MAXCUT,TKET,10.0,,,,,,,,0.054816,0.994,0.004329,,,,,,,,,,2.311302,,,,,,,,2.623265,0.058499,7.0,,,"{'Hellinger_fidelity_std': 0.000738, 'TVD_std': 0.004129, 'JSD_std': 0.000532}",0.573555,79.0,10.0,9.0,17.0,"{'value': 0.7177, 'status': 'VALID'}",6.0,3.0,6.0,9.0,1.701342,,6.0,4.0,,,,COMPILED_UNVERIFIED,3.0,9.0
03-micro-gradient-scaling,QFT_4_NONTRIVIAL,TKET,17.0,,,,,,,,0.078554,0.987697,0.008886,,,,,,,,,,3.929486,,,,,,,,3.96435,0.0975,16.0,,,"{'Hellinger_fidelity_std': 0.001138, 'TVD_std': 0.004818, 'JSD_std': 0.000823}",0.71198,126.0,11.0,24.0,33.0,"{'value': 0.1357, 'status': 'VALID'}",6.0,8.0,10.0,14.0,3.470729,,11.0,8.0,,,,COMPILED_UNVERIFIED,3.0,22.0
03-micro-gradient-scaling,CrossEnt_8,SABRE_O3,103.0,,,,,,,,0.073586,0.989199,0.007793,,,,,,,,,,7.938524,,,,,,,,7.968849,0.083575,28.0,,,"{'Hellinger_fidelity_std': 0.001134, 'TVD_std': 0.003697, 'JSD_std': 0.000817}",0.008117,46.0,12.0,28.0,131.0,"{'value': 0, 'status': 'VALID'}",16.0,13.0,11.0,29.0,7.287712,,32.0,15.0,,,,COMPILED_UNVERIFIED,2.153846,15.0
03-micro-gradient-scaling,CrossEnt_3,PROMETHEUS,54.0,,,,,,,,0.031393,0.99803,0.001421,,,,,,,,,,2.988788,,,,,,,,2.994337,0.0356,6.0,,,"{'Hellinger_fidelity_std': 0.000457, 'TVD_std': 0.004749, 'JSD_std': 0.00033}",0.860211,29.0,13.0,6.0,60.0,"{'value': 0, 'status': 'VALID'}",6.0,3.0,6.0,9.0,2.803897,,25.0,3.0,,,,COMPILED_UNVERIFIED,2.0,6.0
03-micro-gradient-scaling,QAOA_8_MAXCUT,TKET,32.0,,,,,,,,0.301275,0.826706,0.126724,,,,,,,,,,7.616396,,,,,,,,7.817766,0.357814,44.0,,,"{'Hellinger_fidelity_std': 0.0037, 'TVD_std': 0.004276, 'JSD_std': 0.002744}",0.824888,255.0,14.0,84.0,76.0,"{'value': 0.533, 'status': 'VALID'}",16.0,12.0,11.0,28.0,5.993092,,16.0,32.0,,,,COMPILED_UNVERIFIED,7.0,54.0
03-micro-gradient-scaling,QFT_6_NONTRIVIAL,SABRE_O3,167.0,,,,,,,,0.083083,0.986242,0.009926,,,,,,,,,,5.919187,,,,,,,,5.959863,0.0925,46.0,,,"{'Hellinger_fidelity_std': 0.001163, 'TVD_std': 0.004329, 'JSD_std': 0.00084}",0.010856,111.0,15.0,46.0,213.0,"{'value': 0.5338, 'status': 'VALID'}",9.0,18.0,14.0,27.0,5.184425,,74.0,28.0,,,,COMPILED_UNVERIFIED,2.555556,37.0
03-micro-gradient-scaling,CrossEnt_7,TKET,18.0,,,,,,,,0.193449,0.926556,0.053104,,,,,,,,,,6.657744,,,,,,,,6.79709,0.228512,22.0,,,"{'Hellinger_fidelity_std': 0.002615, 'TVD_std': 0.004169, 'JSD_std': 0.001879}",0.785638,99.0,16.0,26.0,40.0,"{'value': 0, 'status': 'VALID'}",14.0,11.0,10.0,25.0,5.904008,,6.0,11.0,,,,COMPILED_UNVERIFIED,2.363636,18.0
03-micro-gradient-scaling,QFT_3_NONTRIVIAL,SABRE_O3,33.0,,,,,,,,0.040492,0.996724,0.002364,,,,,,,,,,2.982345,,,,,,,,2.990745,0.0465,9.0,,,"{'Hellinger_fidelity_std': 0.000588, 'TVD_std': 0.004067, 'JSD_std': 0.000424}",0.009041,33.0,17.0,9.0,42.0,"{'value': 0, 'status': 'VALID'}",4.0,4.0,8.0,8.0,2.845806,,23.0,5.0,,,,COMPILED_UNVERIFIED,2.25,9.0
03-micro-gradient-scaling,QFT_3_NONTRIVIAL,TKET,10.0,,,,,,,,0.045661,0.995834,0.003006,,,,,,,,,,2.976561,,,,,,,,2.988055,0.0549,7.0,,,"{'Hellinger_fidelity_std': 0.000657, 'TVD_std': 0.004652, 'JSD_std': 0.000474}",0.567597,75.0,18.0,9.0,17.0,"{'value': 0, 'status': 'VALID'}",4.0,4.0,8.0,8.0,2.784881,,7.0,3.0,,,,COMPILED_UNVERIFIED,2.25,9.0
03-micro-gradient-scaling,QFT_5_NONTRIVIAL,SABRE_O3,109.0,,,,,,,,0.051479,0.994707,0.003818,,,,,,,,,,4.970771,,,,,,,,4.984919,0.05955,31.0,,,"{'Hellinger_fidelity_std': 0.000785, 'TVD_std': 0.004706, 'JSD_std': 0.000566}",0.010735,86.0,19.0,31.0,140.0,"{'value': 0.1198, 'status': 'VALID'}",7.0,12.0,12.0,19.0,4.714065,,57.0,19.0,,,,COMPILED_UNVERIFIED,2.583333,28.0
03-micro-gradient-scaling,QFT_7_NONTRIVIAL,SABRE_O3,241.0,,,,,,,,0.083976,0.985946,0.010142,,,,,,,,,,6.920285,,,,,,,,6.959454,0.095387,65.0,,,"{'Hellinger_fidelity_std': 0.001234, 'TVD_std': 0.004343, 'JSD_std': 0.00089}",0.007525,134.0,20.0,65.0,306.0,"{'value': 0.3738, 'status': 'VALID'}",10.0,24.0,16.0,34.0,6.333516,,87.0,41.0,,,,COMPILED_UNVERIFIED,2.708333,47.0
03-micro-gradient-scaling,QFT_10_NONTRIVIAL,PROMETHEUS,2324.0,,,,,,,,0.201752,0.920249,0.056839,,,,,,,,,,9.591385,,,,,,,,9.77544,0.22167,582.0,,,"{'Hellinger_fidelity_std': 0.003258, 'TVD_std': 0.003903, 'JSD_std': 0.002093}",3.617544,1610.0,21.0,582.0,2906.0,"{'value': 0.2853, 'status': 'VALID'}",13.0,50.0,22.0,63.0,8.039785,,1144.0,532.0,,,,COMPILED_UNVERIFIED,11.64,485.0
03-micro-gradient-scaling,QFT_4_NONTRIVIAL,SABRE_O3,62.0,,,,,,,,0.040347,0.996747,0.002347,,,,,,,,,,3.981026,,,,,,,,3.990564,0.0484,18.0,,,"{'Hellinger_fidelity_std': 0.000602, 'TVD_std': 0.004778, 'JSD_std': 0.000434}",0.011092,53.0,22.0,18.0,80.0,"{'value': 0.1338, 'status': 'VALID'}",6.0,8.0,10.0,14.0,3.717857,,34.0,10.0,,,,COMPILED_UNVERIFIED,2.25,18.0
03-micro-gradient-scaling,CrossEnt_9,TKET,24.0,,,,,,,,0.229931,0.897058,0.073615,,,,,,,,,,8.535606,,,,,,,,8.719293,0.258541,26.0,,,"{'Hellinger_fidelity_std': 0.003792, 'TVD_std': 0.004387, 'JSD_std': 0.002465}",0.865426,108.0,23.0,36.0,50.0,"{'value': 0, 'status': 'VALID'}",18.0,15.0,12.0,33.0,7.532825,,7.0,11.0,,,,COMPILED_UNVERIFIED,2.4,22.0
03-micro-gradient-scaling,QAOA_3_MAXCUT,PROMETHEUS,93.0,,,,,,,,0.033085,0.997812,0.001579,,,,,,,,,,2.214469,,,,,,,,2.562666,0.040325,12.0,,,"{'Hellinger_fidelity_std': 0.0005, 'TVD_std': 0.005006, 'JSD_std': 0.00036}",0.056098,76.0,24.0,12.0,105.0,"{'value': 0.7395, 'status': 'VALID'}",6.0,3.0,6.0,9.0,1.618827,,63.0,9.0,,,,COMPILED_UNVERIFIED,4.0,12.0
03-micro-gradient-scaling,QAOA_10_MAXCUT,TKET,39.0,,,,,,,,0.285464,0.843662,0.11103,,,,,,,,,,9.403212,,,,,,,,9.691803,0.306641,48.0,,,"{'Hellinger_fidelity_std': 0.003969, 'TVD_std': 0.004544, 'JSD_std': 0.002805}",0.929207,163.0,25.0,84.0,87.0,"{'value': 0.6479, 'status': 'VALID'}",20.0,15.0,9.0,35.0,7.310432,,10.0,33.0,,,,COMPILED_UNVERIFIED,5.6,33.0
03-micro-gradient-scaling,QAOA_7_MAXCUT,TKET,27.0,,,,,,,,0.274541,0.854936,0.10477,,,,,,,,,,6.698845,,,,,,,,6.856427,0.308824,32.0,,,"{'Hellinger_fidelity_std': 0.003358, 'TVD_std': 0.004537, 'JSD_std': 0.002468}",0.734373,156.0,26.0,56.0,59.0,"{'value': 0.6172, 'status': 'VALID'}",14.0,10.0,9.0,24.0,5.467533,,10.0,22.0,,,,COMPILED_UNVERIFIED,5.6,37.0
03-micro-gradient-scaling,QAOA_10_MAXCUT,SABRE_O3,223.0,,,,,,,,0.222997,0.903018,0.068469,,,,,,,,,,9.167875,,,,,,,,9.582857,0.230743,64.0,,,"{'Hellinger_fidelity_std': 0.003133, 'TVD_std': 0.004073, 'JSD_std': 0.00216}",0.013528,90.0,27.0,64.0,287.0,"{'value': 0.7186, 'status': 'VALID'}",20.0,15.0,9.0,35.0,6.844769,,62.0,49.0,,,,COMPILED_UNVERIFIED,4.266667,28.0
03-micro-gradient-scaling,CrossEnt_4,PROMETHEUS,88.0,,,,,,,,0.055074,0.993943,0.004371,,,,,,,,,,3.963322,,,,,,,,3.982179,0.067,14.0,,,"{'Hellinger_fidelity_std': 0.000805, 'TVD_std': 0.004836, 'JSD_std': 0.000581}",2.14886,48.0,28.0,14.0,102.0,"{'value': 0, 'status': 'VALID'}",8.0,5.0,7.0,13.0,3.556393,,36.0,9.0,,,,COMPILED_UNVERIFIED,2.8,13.0
03-micro-gradient-scaling,GHZ_7,TKET,1.0,,,,,,,,0.25977,0.869592,0.068708,,,,,,,,,,1.388457,,,,,,,,1.974968,0.1294,6.0,0.8706,0.006579,"{'Hellinger_fidelity_std': 0.003349, 'TVD_std': 0.003318, 'JSD_std': 0.00186}",0.488508,30.0,29.0,6.0,7.0,"{'value': 0, 'status': 'VALID'}",1.0,6.0,8.0,7.0,1.105008,,1.0,0.0,,,,COMPILED_UNVERIFIED,1.0,6.0
03-micro-gradient-scaling,GHZ_9,TKET,1.0,,,,,,,,0.29804,0.830235,0.091042,,,,,,,,,,1.508128,,,,,,,,2.296489,0.1676,8.0,0.8324,0.007321,"{'Hellinger_fidelity_std': 0.003807, 'TVD_std': 0.003779, 'JSD_std': 0.002185}",0.505048,38.0,30.0,8.0,9.0,"{'value': 0, 'status': 'VALID'}",1.0,8.0,10.0,9.0,1.124692,,1.0,0.0,,,,COMPILED_UNVERIFIED,1.0,8.0
03-micro-gradient-scaling,QAOA_5_MAXCUT,PROMETHEUS,211.0,,,,,,,,0.178202,0.937496,0.034666,,,,,,,,,,4.151627,,,,,,,,4.50747,0.103666,35.0,,,"{'Hellinger_fidelity_std': 0.002375, 'TVD_std': 0.004609, 'JSD_std': 0.001358}",0.059341,141.0,31.0,35.0,246.0,"{'value': 0.7973, 'status': 'VALID'}",10.0,7.0,8.0,17.0,3.044538,,112.0,28.0,,,,COMPILED_UNVERIFIED,5.0,32.0
03-micro-gradient-scaling,CrossEnt_6,PROMETHEUS,156.0,,,,,,,,0.078692,0.987654,0.008913,,,,,,,,,,5.927764,,,,,,,,5.964005,0.092525,30.0,,,"{'Hellinger_fidelity_std': 0.001147, 'TVD_std': 0.004561, 'JSD_std': 0.000828}",1.306608,84.0,32.0,30.0,186.0,"{'value': 0, 'status': 'VALID'}",12.0,9.0,9.0,21.0,5.333516,,58.0,21.0,,,,COMPILED_UNVERIFIED,3.333333,27.0
03-micro-gradient-scaling,QAOA_4_MAXCUT,TKET,15.0,,,,,,,,0.227808,0.8989,0.054664,,,,,,,,,,3.080604,,,,,,,,3.468533,0.136809,15.0,,,"{'Hellinger_fidelity_std': 0.003123, 'TVD_std': 0.004626, 'JSD_std': 0.001751}",0.615158,104.0,33.0,21.0,30.0,"{'value': 0.7929, 'status': 'VALID'}",8.0,6.0,7.0,14.0,2.153286,,7.0,9.0,,,,COMPILED_UNVERIFIED,3.5,17.0
03-micro-gradient-scaling,CrossEnt_6,TKET,15.0,,,,,,,,0.064182,0.991778,0.005928,,,,,,,,,,5.95583,,,,,,,,5.97678,0.072825,12.0,,,"{'Hellinger_fidelity_std': 0.000911, 'TVD_std': 0.004177, 'JSD_std': 0.000656}",0.735646,63.0,34.0,18.0,27.0,"{'value': 0, 'status': 'VALID'}",12.0,9.0,9.0,21.0,5.49981,,4.0,3.0,,,,COMPILED_UNVERIFIED,2.0,14.0
03-micro-gradient-scaling,GHZ_10,TKET,1.0,,,,,,,,0.315447,0.810888,0.101955,,,,,,,,,,1.585379,,,,,,,,2.476389,0.1879,9.0,0.8121,0.007656,"{'Hellinger_fidelity_std': 0.003817, 'TVD_std': 0.003807, 'JSD_std': 0.00222}",0.498528,42.0,35.0,9.0,10.0,"{'value': 0, 'status': 'VALID'}",1.0,9.0,11.0,10.0,1.192975,,1.0,0.0,,,,COMPILED_UNVERIFIED,1.0,9.0
03-micro-gradient-scaling,QFT_9_NONTRIVIAL,SABRE_O3,440.0,,,,,,,,0.2961,0.832336,0.121878,,,,,,,,,,8.016332,,,,,,,,8.477792,0.335997,112.0,,,"{'Hellinger_fidelity_std': 0.004334, 'TVD_std': 0.004428, 'JSD_std': 0.002995}",0.010882,195.0,36.0,112.0,552.0,"{'value': 0.4945, 'status': 'VALID'}",12.0,40.0,20.0,52.0,6.179188,,128.0,72.0,,,,COMPILED_UNVERIFIED,2.8,67.0
03-micro-gradient-scaling,CrossEnt_8,PROMETHEUS,224.0,,,,,,,,0.115263,0.973605,0.019042,,,,,,,,,,7.846441,,,,,,,,7.922949,0.13045,46.0,,,"{'Hellinger_fidelity_std': 0.001727, 'TVD_std': 0.004313, 'JSD_std': 0.001243}",0.078543,120.0,37.0,46.0,270.0,"{'value': 0, 'status': 'VALID'}",16.0,13.0,11.0,29.0,6.629501,,80.0,33.0,,,,COMPILED_UNVERIFIED,3.538462,41.0
03-micro-gradient-scaling,GHZ_8,TKET,1.0,,,,,,,,0.275819,0.853635,0.077566,,,,,,,,,,1.442232,,,,,,,,2.140615,0.1454,7.0,0.8546,0.006909,"{'Hellinger_fidelity_std': 0.003627, 'TVD_std': 0.003631, 'JSD_std': 0.002032}",0.501939,34.0,38.0,7.0,8.0,"{'value': 0, 'status': 'VALID'}",1.0,7.0,9.0,8.0,1.132894,,1.0,0.0,,,,COMPILED_UNVERIFIED,1.0,7.0
03-micro-gradient-scaling,QAOA_9_MAXCUT,TKET,36.0,,,,,,,,0.31884,0.807017,0.137623,,,,,,,,,,8.707941,,,,,,,,8.851667,0.343058,46.0,,,"{'Hellinger_fidelity_std': 0.004007, 'TVD_std': 0.004543, 'JSD_std': 0.002935}",0.833908,230.0,39.0,86.0,82.0,"{'value': 0.555, 'status': 'VALID'}",18.0,13.0,10.0,31.0,7.380822,,16.0,33.0,,,,COMPILED_UNVERIFIED,6.615385,43.0
03-micro-gradient-scaling,GHZ_3,SABRE_O3,13.0,,,,,,,,0.156263,0.95176,0.024581,,,,,,,,,,1.139677,,,,,,,,1.340025,0.0481,2.0,0.9519,0.004194,"{'Hellinger_fidelity_std': 0.002005, 'TVD_std': 0.002004, 'JSD_std': 0.00104}",0.071864,10.0,40.0,2.0,15.0,"{'value': 0, 'status': 'VALID'}",1.0,2.0,4.0,3.0,1.036526,,7.0,0.0,,,,COMPILED_UNVERIFIED,1.0,2.0
03-micro-gradient-scaling,CrossEnt_3,SABRE_O3,23.0,,,,,,,,0.042202,0.996441,0.002568,,,,,,,,,,2.979806,,,,,,,,2.989772,0.0486,4.0,,,"{'Hellinger_fidelity_std': 0.000587, 'TVD_std': 0.004352, 'JSD_std': 0.000424}",0.007545,18.0,41.0,4.0,27.0,"{'value': 0, 'status': 'VALID'}",6.0,3.0,6.0,9.0,2.730249,,13.0,1.0,,,,COMPILED_UNVERIFIED,1.333333,4.0
03-micro-gradient-scaling,QFT_7_NONTRIVIAL,TKET,50.0,,,,,,,,0.092934,0.982801,0.012415,,,,,,,,,,6.903462,,,,,,,,6.950484,0.107937,66.0,,,"{'Hellinger_fidelity_std': 0.001339, 'TVD_std': 0.004195, 'JSD_std': 0.000965}",1.147861,327.0,42.0,108.0,116.0,"{'value': 0.3506, 'status': 'VALID'}",10.0,24.0,16.0,34.0,6.243318,,23.0,42.0,,,,COMPILED_UNVERIFIED,4.5,61.0
03-micro-gradient-scaling,CrossEnt_5,SABRE_O3,53.0,,,,,,,,0.06634,0.991217,0.006341,,,,,,,,,,4.948571,,,,,,,,4.974414,0.0805,13.0,,,"{'Hellinger_fidelity_std': 0.000977, 'TVD_std': 0.00476, 'JSD_std': 0.000706}",0.008225,36.0,43.0,13.0,66.0,"{'value': 0, 'status': 'VALID'}",10.0,7.0,8.0,17.0,4.546245,,24.0,6.0,,,,COMPILED_UNVERIFIED,1.857143,11.0
03-micro-gradient-scaling,CrossEnt_7,SABRE_O3,93.0,,,,,,,,0.067665,0.990864,0.006591,,,,,,,,,,6.947446,,,,,,,,6.97358,0.077875,26.0,,,"{'Hellinger_fidelity_std': 0.001065, 'TVD_std': 0.00423, 'JSD_std': 0.000768}",0.007956,46.0,44.0,26.0,119.0,"{'value': 0, 'status': 'VALID'}",14.0,11.0,10.0,25.0,6.299028,,32.0,15.0,,,,COMPILED_UNVERIFIED,2.363636,15.0
03-micro-gradient-scaling,QAOA_7_MAXCUT,SABRE_O3,117.0,,,,,,,,0.31551,0.810817,0.136987,,,,,,,,,,6.252478,,,,,,,,6.628173,0.350884,31.0,,,"{'Hellinger_fidelity_std': 0.003762, 'TVD_std': 0.004575, 'JSD_std': 0.002763}",0.008696,73.0,45.0,31.0,148.0,"{'value': 0.6554, 'status': 'VALID'}",14.0,10.0,9.0,24.0,4.733124,,50.0,21.0,,,,COMPILED_UNVERIFIED,3.1,22.0
03-micro-gradient-scaling,QAOA_10_MAXCUT,PROMETHEUS,601.0,,,,,,,,0.28526,0.843875,0.111393,,,,,,,,,,9.340663,,,,,,,,9.676543,0.308313,153.0,,,"{'Hellinger_fidelity_std': 0.003977, 'TVD_std': 0.004355, 'JSD_std': 0.00281}",0.054738,353.0,46.0,153.0,754.0,"{'value': 0.6456, 'status': 'VALID'}",20.0,15.0,9.0,35.0,6.828281,,259.0,138.0,,,,COMPILED_UNVERIFIED,10.2,103.0
03-micro-gradient-scaling,CrossEnt_3,TKET,7.0,,,,,,,,0.094122,0.98236,0.012756,,,,,,,,,,2.903051,,,,,,,,2.949392,0.1284,4.0,,,"{'Hellinger_fidelity_std': 0.001319, 'TVD_std': 0.004839, 'JSD_std': 0.000956}",0.556512,43.0,47.0,6.0,11.0,"{'value': 0, 'status': 'VALID'}",6.0,3.0,6.0,9.0,2.548776,,4.0,1.0,,,,COMPILED_UNVERIFIED,2.0,6.0
03-micro-gradient-scaling,GHZ_4,SABRE_O3,18.0,,,,,,,,0.198426,0.922805,0.039803,,,,,,,,,,1.224903,,,,,,,,1.537152,0.0768,3.0,0.9232,0.005219,"{'Hellinger_fidelity_std': 0.002613, 'TVD_std': 0.002607, 'JSD_std': 0.001387}",0.008842,13.0,48.0,3.0,21.0,"{'value': 0, 'status': 'VALID'}",1.0,3.0,5.0,4.0,1.056791,,9.0,0.0,,,,COMPILED_UNVERIFIED,1.0,3.0
03-micro-gradient-scaling,CrossEnt_5,TKET,12.0,,,,,,,,0.133708,0.964564,0.025677,,,,,,,,,,4.816538,,,,,,,,4.899435,0.1778,10.0,,,"{'Hellinger_fidelity_std': 0.00187, 'TVD_std': 0.004702, 'JSD_std': 0.00136}",0.67404,64.0,49.0,16.0,22.0,"{'value': 0, 'status': 'VALID'}",10.0,7.0,8.0,17.0,4.408129,,4.0,3.0,,,,COMPILED_UNVERIFIED,2.285714,14.0
03-micro-gradient-scaling,GHZ_6,PROMETHEUS,35.0,,,,,,,,0.183781,0.93359,0.034074,,,,,,,,,,1.195362,,,,,,,,1.559578,0.0662,5.0,0.9338,0.004873,"{'Hellinger_fidelity_std': 0.002539, 'TVD_std': 0.002534, 'JSD_std': 0.001336}",1.74037,26.0,50.0,5.0,40.0,"{'value': 0, 'status': 'VALID'}",1.0,5.0,7.0,6.0,1.056191,,20.0,0.0,,,,COMPILED_UNVERIFIED,1.0,5.0
03-micro-gradient-scaling,GHZ_6,TKET,1.0,,,,,,,,0.238267,0.88968,0.057598,,,,,,,,,,1.328452,,,,,,,,1.823399,0.1098,5.0,0.8902,0.006128,"{'Hellinger_fidelity_std': 0.002915, 'TVD_std': 0.002896, 'JSD_std': 0.001591}",0.489876,26.0,51.0,5.0,6.0,"{'value': 0, 'status': 'VALID'}",1.0,5.0,7.0,6.0,1.099742,,1.0,0.0,,,,COMPILED_UNVERIFIED,1.0,5.0
03-micro-gradient-scaling,CrossEnt_8,TKET,21.0,,,,,,,,0.079574,0.987376,0.009104,,,,,,,,,,7.929921,,,,,,,,7.963899,0.088287,22.0,,,"{'Hellinger_fidelity_std': 0.001284, 'TVD_std': 0.003996, 'JSD_std': 0.000924}",0.810648,87.0,52.0,28.0,43.0,"{'value': 0, 'status': 'VALID'}",16.0,13.0,11.0,29.0,7.265345,,6.0,9.0,,,,COMPILED_UNVERIFIED,2.153846,15.0
03-micro-gradient-scaling,CrossEnt_9,PROMETHEUS,258.0,,,,,,,,0.139358,0.961536,0.027759,,,,,,,,,,8.785344,,,,,,,,8.888689,0.158231,54.0,,,"{'Hellinger_fidelity_std': 0.002205, 'TVD_std': 0.004293, 'JSD_std': 0.00158}",0.053088,138.0,53.0,54.0,312.0,"{'value': 0, 'status': 'VALID'}",18.0,15.0,12.0,33.0,7.76415,,91.0,39.0,,,,COMPILED_UNVERIFIED,3.6,48.0
03-micro-gradient-scaling,QFT_6_NONTRIVIAL,PROMETHEUS,666.0,,,,,,,,0.08118,0.986863,0.009485,,,,,,,,,,5.926062,,,,,,,,5.962179,0.0957,120.0,,,"{'Hellinger_fidelity_std': 0.001156, 'TVD_std': 0.004481, 'JSD_std': 0.000835}",1.196015,452.0,54.0,120.0,786.0,"{'value': 0.478, 'status': 'VALID'}",9.0,18.0,14.0,27.0,5.411195,,349.0,102.0,,,,COMPILED_UNVERIFIED,6.666667,111.0
03-micro-gradient-scaling,GHZ_6,SABRE_O3,28.0,,,,,,,,0.212909,0.911394,0.045963,,,,,,,,,,1.257849,,,,,,,,1.688403,0.0878,5.0,0.9122,0.005547,"{'Hellinger_fidelity_std': 0.002901, 'TVD_std': 0.002891, 'JSD_std': 0.001556}",0.008022,19.0,55.0,5.0,33.0,"{'value': 0, 'status': 'VALID'}",1.0,5.0,7.0,6.0,1.049308,,13.0,0.0,,,,COMPILED_UNVERIFIED,1.0,5.0
03-micro-gradient-scaling,CrossEnt_10,SABRE_O3,140.0,,,,,,,,0.135931,0.963387,0.026358,,,,,,,,,,9.806904,,,,,,,,9.896497,0.150895,38.0,,,"{'Hellinger_fidelity_std': 0.002548, 'TVD_std': 0.00379, 'JSD_std': 0.001701}",0.008053,67.0,56.0,38.0,178.0,"{'value': 0, 'status': 'VALID'}",20.0,17.0,13.0,37.0,8.643856,,42.0,21.0,,,,COMPILED_UNVERIFIED,2.235294,24.0
03-micro-gradient-scaling,QFT_9_NONTRIVIAL,PROMETHEUS,1644.0,,,,,,,,0.155837,0.95202,0.034594,,,,,,,,,,8.739892,,,,,,,,8.862209,0.177084,354.0,,,"{'Hellinger_fidelity_std': 0.002482, 'TVD_std': 0.004172, 'JSD_std': 0.001744}",2.476574,1142.0,57.0,354.0,1998.0,"{'value': 0.3097, 'status': 'VALID'}",12.0,40.0,20.0,52.0,7.70275,,841.0,314.0,,,,COMPILED_UNVERIFIED,8.85,310.0
03-micro-gradient-scaling,CrossEnt_7,PROMETHEUS,190.0,,,,,,,,0.099945,0.980122,0.014347,,,,,,,,,,6.884111,,,,,,,,6.941986,0.114612,38.0,,,"{'Hellinger_fidelity_std': 0.001513, 'TVD_std': 0.00448, 'JSD_std': 0.001092}",1.300076,102.0,58.0,38.0,228.0,"{'value': 0, 'status': 'VALID'}",14.0,11.0,10.0,25.0,6.107803,,69.0,27.0,,,,COMPILED_UNVERIFIED,3.454545,34.0
03-micro-gradient-scaling,GHZ_8,PROMETHEUS,47.0,,,,,,,,0.208431,0.915001,0.043927,,,,,,,,,,1.252348,,,,,,,,1.742341,0.0847,7.0,0.9153,0.005457,"{'Hellinger_fidelity_std': 0.002885, 'TVD_std': 0.00287, 'JSD_std': 0.001542}",0.918852,34.0,59.0,7.0,54.0,"{'value': 0, 'status': 'VALID'}",1.0,7.0,9.0,8.0,1.076432,,26.0,0.0,,,,COMPILED_UNVERIFIED,1.0,7.0
03-micro-gradient-scaling,GHZ_10,PROMETHEUS,59.0,,,,,,,,0.268075,0.861436,0.073042,,,,,,,,,,1.425072,,,,,,,,2.149457,0.1384,9.0,0.8616,0.006768,"{'Hellinger_fidelity_std': 0.003494, 'TVD_std': 0.003498, 'JSD_std': 0.001942}",1.316569,42.0,60.0,9.0,68.0,"{'value': 0, 'status': 'VALID'}",1.0,9.0,11.0,10.0,1.175599,,32.0,0.0,,,,COMPILED_UNVERIFIED,1.0,9.0
03-micro-gradient-scaling,CrossEnt_10,PROMETHEUS,292.0,,,,,,,,0.155084,0.952477,0.034206,,,,,,,,,,9.735409,,,,,,,,9.862898,0.17058,62.0,,,"{'Hellinger_fidelity_std': 0.002614, 'TVD_std': 0.003693, 'JSD_std': 0.001722}",0.058197,156.0,61.0,62.0,354.0,"{'value': 0, 'status': 'VALID'}",20.0,17.0,13.0,37.0,7.965784,,102.0,45.0,,,,COMPILED_UNVERIFIED,3.647059,55.0
03-micro-gradient-scaling,QAOA_6_MAXCUT,PROMETHEUS,297.0,,,,,,,,0.12539,0.968802,0.022516,,,,,,,,,,4.924878,,,,,,,,5.462074,0.145209,60.0,,,"{'Hellinger_fidelity_std': 0.001756, 'TVD_std': 0.004618, 'JSD_std': 0.001269}",0.056783,167.0,62.0,60.0,357.0,"{'value': 0.7801, 'status': 'VALID'}",12.0,9.0,9.0,21.0,3.57175,,128.0,51.0,,,,COMPILED_UNVERIFIED,6.666667,45.0
03-micro-gradient-scaling,QFT_7_NONTRIVIAL,PROMETHEUS,899.0,,,,,,,,0.115733,0.973391,0.019224,,,,,,,,,,6.851354,,,,,,,,6.923147,0.137325,165.0,,,"{'Hellinger_fidelity_std': 0.001651, 'TVD_std': 0.004466, 'JSD_std': 0.001193}",2.323678,605.0,63.0,165.0,1064.0,"{'value': 0.3722, 'status': 'VALID'}",10.0,24.0,16.0,34.0,6.107803,,466.0,141.0,,,,COMPILED_UNVERIFIED,6.875,147.0
03-micro-gradient-scaling,GHZ_5,TKET,1.0,,,,,,,,0.218555,0.906749,0.048415,,,,,,,,,,1.272241,,,,,,,,1.662792,0.0926,4.0,0.9074,0.005681,"{'Hellinger_fidelity_std': 0.003, 'TVD_std': 0.002983, 'JSD_std': 0.001615}",0.473768,22.0,64.0,4.0,5.0,"{'value': 0, 'status': 'VALID'}",1.0,4.0,6.0,5.0,1.064917,,1.0,0.0,,,,COMPILED_UNVERIFIED,1.0,4.0
03-micro-gradient-scaling,QFT_10_NONTRIVIAL,TKET,101.0,,,,,,,,0.13877,0.961857,0.027423,,,,,,,,,,9.798709,,,,,,,,9.892293,0.150666,135.0,,,"{'Hellinger_fidelity_std': 0.002713, 'TVD_std': 0.003819, 'JSD_std': 0.00177}",1.865311,474.0,65.0,225.0,236.0,"{'value': 0.3313, 'status': 'VALID'}",13.0,50.0,22.0,63.0,8.429731,,35.0,85.0,,,,COMPILED_UNVERIFIED,4.5,81.0
03-micro-gradient-scaling,GHZ_7,PROMETHEUS,41.0,,,,,,,,0.199828,0.921732,0.040321,,,,,,,,,,1.232411,,,,,,,,1.668973,0.0781,6.0,0.9219,0.005259,"{'Hellinger_fidelity_std': 0.002675, 'TVD_std': 0.002667, 'JSD_std': 0.00142}",1.955093,30.0,66.0,6.0,47.0,"{'value': 0, 'status': 'VALID'}",1.0,6.0,8.0,7.0,1.078868,,23.0,0.0,,,,COMPILED_UNVERIFIED,1.0,6.0
03-micro-gradient-scaling,GHZ_9,SABRE_O3,43.0,,,,,,,,0.230083,0.896926,0.053772,,,,,,,,,,1.303105,,,,,,,,1.901044,0.1021,8.0,0.8979,0.005934,"{'Hellinger_fidelity_std': 0.00304, 'TVD_std': 0.003045, 'JSD_std': 0.001647}",0.008566,28.0,67.0,8.0,51.0,"{'value': 0, 'status': 'VALID'}",1.0,8.0,10.0,9.0,1.063409,,19.0,0.0,,,,COMPILED_UNVERIFIED,1.0,8.0
03-micro-gradient-scaling,GHZ_4,PROMETHEUS,23.0,,,,,,,,0.143607,0.95918,0.020744,,,,,,,,,,1.118351,,,,,,,,1.325317,0.0407,3.0,0.9593,0.003873,"{'Hellinger_fidelity_std': 0.001923, 'TVD_std': 0.001912, 'JSD_std': 0.000993}",1.171692,18.0,68.0,3.0,26.0,"{'value': 0, 'status': 'VALID'}",1.0,3.0,5.0,4.0,1.027969,,14.0,0.0,,,,COMPILED_UNVERIFIED,1.0,3.0
03-micro-gradient-scaling,CrossEnt_4,TKET,9.0,,,,,,,,0.028852,0.998336,0.001201,,,,,,,,,,3.990511,,,,,,,,3.995214,0.0327,6.0,,,"{'Hellinger_fidelity_std': 0.000411, 'TVD_std': 0.004204, 'JSD_std': 0.000297}",0.596408,41.0,69.0,8.0,15.0,"{'value': 0, 'status': 'VALID'}",8.0,5.0,7.0,13.0,3.809954,,3.0,1.0,,,,COMPILED_UNVERIFIED,1.6,7.0
03-micro-gradient-scaling,QAOA_5_MAXCUT,TKET,18.0,,,,,,,,0.320623,0.80497,0.113307,,,,,,,,,,4.667701,,,,,,,,4.839726,0.233677,20.0,,,"{'Hellinger_fidelity_std': 0.004071, 'TVD_std': 0.004594, 'JSD_std': 0.002541}",0.699267,157.0,70.0,32.0,38.0,"{'value': 0.661, 'status': 'VALID'}",10.0,7.0,8.0,17.0,3.631288,,10.0,13.0,,,,COMPILED_UNVERIFIED,4.571429,27.0
03-micro-gradient-scaling,QAOA_6_MAXCUT,SABRE_O3,100.0,,,,,,,,0.319647,0.806091,0.143012,,,,,,,,,,5.003288,,,,,,,,5.482206,0.398886,28.0,,,"{'Hellinger_fidelity_std': 0.003911, 'TVD_std': 0.004583, 'JSD_std': 0.002955}",0.008774,73.0,71.0,28.0,128.0,"{'value': 0.6904, 'status': 'VALID'}",12.0,9.0,9.0,21.0,3.811979,,50.0,19.0,,,,COMPILED_UNVERIFIED,3.111111,22.0
03-micro-gradient-scaling,QAOA_4_MAXCUT,PROMETHEUS,172.0,,,,,,,,0.18267,0.934377,0.034387,,,,,,,,,,2.79793,,,,,,,,3.277915,0.076339,27.0,,,"{'Hellinger_fidelity_std': 0.002584, 'TVD_std': 0.003818, 'JSD_std': 0.001381}",0.055065,119.0,72.0,27.0,199.0,"{'value': 0.8334, 'status': 'VALID'}",8.0,6.0,7.0,14.0,2.017417,,95.0,21.0,,,,COMPILED_UNVERIFIED,4.5,26.0
03-micro-gradient-scaling,CrossEnt_9,SABRE_O3,119.0,,,,,,,,0.095783,0.981735,0.013182,,,,,,,,,,8.897416,,,,,,,,8.947403,0.109775,33.0,,,"{'Hellinger_fidelity_std': 0.001596, 'TVD_std': 0.003904, 'JSD_std': 0.001147}",0.007954,58.0,73.0,33.0,152.0,"{'value': 0, 'status': 'VALID'}",18.0,15.0,12.0,33.0,8.158429,,38.0,18.0,,,,COMPILED_UNVERIFIED,2.2,20.0
03-micro-gradient-scaling,QAOA_8_MAXCUT,SABRE_O3,174.0,,,,,,,,0.161623,0.948439,0.037142,,,,,,,,,,7.381976,,,,,,,,7.685279,0.176142,50.0,,,"{'Hellinger_fidelity_std': 0.002334, 'TVD_std': 0.004479, 'JSD_std': 0.001684}",0.008092,111.0,74.0,50.0,224.0,"{'value': 0.6928, 'status': 'VALID'}",16.0,12.0,11.0,28.0,5.461164,,76.0,38.0,,,,COMPILED_UNVERIFIED,4.166667,34.0
03-micro-gradient-scaling,GHZ_5,SABRE_O3,23.0,,,,,,,,0.187903,0.930632,0.035709,,,,,,,,,,1.200278,,,,,,,,1.529674,0.0688,4.0,0.9312,0.004961,"{'Hellinger_fidelity_std': 0.002389, 'TVD_std': 0.002393, 'JSD_std': 0.001261}",0.007838,16.0,75.0,4.0,27.0,"{'value': 0, 'status': 'VALID'}",1.0,4.0,6.0,5.0,1.033274,,11.0,0.0,,,,COMPILED_UNVERIFIED,1.0,4.0
03-micro-gradient-scaling,CrossEnt_4,SABRE_O3,32.0,,,,,,,,0.376774,0.736235,0.192533,,,,,,,,,,3.167398,,,,,,,,3.324142,0.44,8.0,,,"{'Hellinger_fidelity_std': 0.004305, 'TVD_std': 0.002309, 'JSD_std': 0.003015}",0.007369,26.0,76.0,8.0,40.0,"{'value': 0, 'status': 'VALID'}",8.0,5.0,7.0,13.0,2.980512,,18.0,3.0,,,,COMPILED_UNVERIFIED,1.6,7.0
03-micro-gradient-scaling,QAOA_4_MAXCUT,SABRE_O3,74.0,,,,,,,,0.195197,0.925248,0.039516,,,,,,,,,,3.025437,,,,,,,,3.413931,0.098179,15.0,,,"{'Hellinger_fidelity_std': 0.002738, 'TVD_std': 0.00456, 'JSD_std': 0.001475}",0.008848,45.0,77.0,15.0,89.0,"{'value': 0.8182, 'status': 'VALID'}",8.0,6.0,7.0,14.0,2.202904,,34.0,9.0,,,,COMPILED_UNVERIFIED,2.5,10.0
03-micro-gradient-scaling,GHZ_8,SABRE_O3,38.0,,,,,,,,0.215647,0.909156,0.04708,,,,,,,,,,1.269292,,,,,,,,1.785774,0.0904,7.0,0.9096,0.00562,"{'Hellinger_fidelity_std': 0.002819, 'TVD_std': 0.002831, 'JSD_std': 0.001508}",0.008614,25.0,78.0,7.0,45.0,"{'value': 0, 'status': 'VALID'}",1.0,7.0,9.0,8.0,1.074304,,17.0,0.0,,,,COMPILED_UNVERIFIED,1.0,7.0
03-micro-gradient-scaling,GHZ_4,TKET,1.0,,,,,,,,0.18855,0.930161,0.035884,,,,,,,,,,1.204293,,,,,,,,1.502207,0.0696,3.0,0.9304,0.004988,"{'Hellinger_fidelity_std': 0.002465, 'TVD_std': 0.002452, 'JSD_std': 0.001302}",0.466343,18.0,79.0,3.0,4.0,"{'value': 0, 'status': 'VALID'}",1.0,3.0,5.0,4.0,1.058593,,1.0,0.0,,,,COMPILED_UNVERIFIED,1.0,3.0
03-micro-gradient-scaling,CrossEnt_6,SABRE_O3,67.0,,,,,,,,0.083828,0.985995,0.010108,,,,,,,,,,5.922825,,,,,,,,5.959974,0.09445,18.0,,,"{'Hellinger_fidelity_std': 0.001222, 'TVD_std': 0.004326, 'JSD_std': 0.000882}",0.007991,42.0,80.0,18.0,85.0,"{'value': 0, 'status': 'VALID'}",12.0,9.0,9.0,21.0,5.429731,,28.0,9.0,,,,COMPILED_UNVERIFIED,2.0,14.0
03-micro-gradient-scaling,QFT_8_NONTRIVIAL,SABRE_O3,334.0,,,,,,,,0.28811,0.840875,0.115652,,,,,,,,,,7.135038,,,,,,,,7.519243,0.333062,95.0,,,"{'Hellinger_fidelity_std': 0.003948, 'TVD_std': 0.004595, 'JSD_std': 0.002815}",0.009195,194.0,81.0,95.0,429.0,"{'value': 0.4086, 'status': 'VALID'}",11.0,32.0,18.0,43.0,5.506353,,131.0,63.0,,,,COMPILED_UNVERIFIED,2.96875,63.0
03-micro-gradient-scaling,QFT_10_NONTRIVIAL,SABRE_O3,561.0,,,,,,,,0.157842,0.950793,0.035446,,,,,,,,,,9.741299,,,,,,,,9.860289,0.175767,150.0,,,"{'Hellinger_fidelity_std': 0.002892, 'TVD_std': 0.003709, 'JSD_std': 0.001867}",0.010451,280.0,82.0,150.0,711.0,"{'value': 0.3711, 'status': 'VALID'}",13.0,50.0,22.0,63.0,8.643856,,198.0,100.0,,,,COMPILED_UNVERIFIED,3.0,82.0
03-micro-gradient-scaling,QAOA_7_MAXCUT,PROMETHEUS,336.0,,,,,,,,0.15341,0.953484,0.033309,,,,,,,,,,6.16764,,,,,,,,6.567536,0.153929,68.0,,,"{'Hellinger_fidelity_std': 0.002067, 'TVD_std': 0.004378, 'JSD_std': 0.001476}",0.05887,189.0,83.0,68.0,404.0,"{'value': 0.7785, 'status': 'VALID'}",14.0,10.0,9.0,24.0,4.316169,,145.0,58.0,,,,COMPILED_UNVERIFIED,6.8,50.0
03-micro-gradient-scaling,CrossEnt_10,TKET,27.0,,,,,,,,0.203647,0.918775,0.057607,,,,,,,,,,9.611942,,,,,,,,9.777448,0.222305,28.0,,,"{'Hellinger_fidelity_std': 0.003352, 'TVD_std': 0.003654, 'JSD_std': 0.002082}",0.940673,99.0,84.0,38.0,55.0,"{'value': 0, 'status': 'VALID'}",20.0,17.0,13.0,37.0,8.243318,,7.0,11.0,,,,COMPILED_UNVERIFIED,2.235294,22.0
03-micro-gradient-scaling,QFT_5_NONTRIVIAL,PROMETHEUS,407.0,,,,,,,,0.055108,0.993935,0.004374,,,,,,,,,,4.967226,,,,,,,,4.982846,0.0633,59.0,,,"{'Hellinger_fidelity_std': 0.000815, 'TVD_std': 0.004706, 'JSD_std': 0.000587}",0.868896,269.0,85.0,59.0,466.0,"{'value': 0.1143, 'status': 'VALID'}",7.0,12.0,12.0,19.0,4.673003,,221.0,47.0,,,,COMPILED_UNVERIFIED,4.916667,52.0
03-micro-gradient-scaling,GHZ_10,SABRE_O3,48.0,,,,,,,,0.26795,0.86156,0.073121,,,,,,,,,,1.418186,,,,,,,,2.144524,0.1376,9.0,0.8624,0.006752,"{'Hellinger_fidelity_std': 0.003659, 'TVD_std': 0.003631, 'JSD_std': 0.002043}",0.00809,31.0,86.0,9.0,57.0,"{'value': 0, 'status': 'VALID'}",1.0,9.0,11.0,10.0,1.126266,,21.0,0.0,,,,COMPILED_UNVERIFIED,1.0,9.0
03-micro-gradient-scaling,QFT_4_NONTRIVIAL,PROMETHEUS,270.0,,,,,,,,0.052555,0.994484,0.003981,,,,,,,,,,3.9685,,,,,,,,3.984094,0.0636,39.0,,,"{'Hellinger_fidelity_std': 0.000792, 'TVD_std': 0.005006, 'JSD_std': 0.000572}",1.237589,191.0,87.0,39.0,309.0,"{'value': 0.1121, 'status': 'VALID'}",6.0,8.0,10.0,14.0,3.68966,,157.0,31.0,,,,COMPILED_UNVERIFIED,4.875,39.0
03-micro-gradient-scaling,CrossEnt_5,PROMETHEUS,122.0,,,,,,,,0.064357,0.991734,0.005966,,,,,,,,,,4.950297,,,,,,,,4.975721,0.0768,22.0,,,"{'Hellinger_fidelity_std': 0.000972, 'TVD_std': 0.004898, 'JSD_std': 0.000702}",1.586662,66.0,88.0,22.0,144.0,"{'value': 0, 'status': 'VALID'}",10.0,7.0,8.0,17.0,4.420434,,47.0,15.0,,,,COMPILED_UNVERIFIED,3.142857,20.0
03-micro-gradient-scaling,GHZ_3,PROMETHEUS,17.0,,,,,,,,0.109184,0.9763,0.011953,,,,,,,,,,1.068778,,,,,,,,1.190751,0.0237,2.0,0.9763,0.002981,"{'Hellinger_fidelity_std': 0.001579, 'TVD_std': 0.001574, 'JSD_std': 0.000804}",2.00209,14.0,89.0,2.0,19.0,"{'value': 0, 'status': 'VALID'}",1.0,2.0,4.0,3.0,1.034456,,11.0,0.0,,,,COMPILED_UNVERIFIED,1.0,2.0
03-micro-gradient-scaling,QFT_9_NONTRIVIAL,TKET,82.0,,,,,,,,0.155925,0.951966,0.03467,,,,,,,,,,8.738548,,,,,,,,8.861689,0.179578,109.0,,,"{'Hellinger_fidelity_std': 0.002429, 'TVD_std': 0.004204, 'JSD_std': 0.001715}",1.621112,423.0,90.0,183.0,191.0,"{'value': 0.3447, 'status': 'VALID'}",12.0,40.0,20.0,52.0,7.532825,,31.0,69.0,,,,COMPILED_UNVERIFIED,4.575,73.0
03-micro-gradient-scaling,GHZ_7,SABRE_O3,33.0,,,,,,,,0.204419,0.918172,0.042334,,,,,,,,,,1.238401,,,,,,,,1.704986,0.0811,6.0,0.9189,0.005351,"{'Hellinger_fidelity_std': 0.002659, 'TVD_std': 0.002643, 'JSD_std': 0.001419}",0.007421,22.0,91.0,6.0,39.0,"{'value': 0, 'status': 'VALID'}",1.0,6.0,8.0,7.0,1.043051,,15.0,0.0,,,,COMPILED_UNVERIFIED,1.0,6.0
03-micro-gradient-scaling,GHZ_5,PROMETHEUS,29.0,,,,,,,,0.167574,0.944626,0.028272,,,,,,,,,,1.162837,,,,,,,,1.463637,0.0553,4.0,0.9447,0.00448,"{'Hellinger_fidelity_std': 0.002389, 'TVD_std': 0.002382, 'JSD_std': 0.001246}",1.312081,22.0,92.0,4.0,33.0,"{'value': 0, 'status': 'VALID'}",1.0,4.0,6.0,5.0,1.056791,,17.0,0.0,,,,COMPILED_UNVERIFIED,1.0,4.0
03-micro-gradient-scaling,QFT_8_NONTRIVIAL,PROMETHEUS,1303.0,,,,,,,,0.118418,0.972151,0.020052,,,,,,,,,,7.857447,,,,,,,,7.922222,0.132069,278.0,,,"{'Hellinger_fidelity_std': 0.001707, 'TVD_std': 0.003952, 'JSD_std': 0.001219}",3.514293,893.0,93.0,278.0,1581.0,"{'value': 0.3271, 'status': 'VALID'}",11.0,32.0,18.0,43.0,7.137965,,666.0,246.0,,,,COMPILED_UNVERIFIED,8.6875,244.0
03-micro-gradient-scaling,QFT_6_NONTRIVIAL,TKET,37.0,,,,,,,,0.073321,0.989277,0.00774,,,,,,,,,,5.938995,,,,,,,,5.969057,0.087425,45.0,,,"{'Hellinger_fidelity_std': 0.001095, 'TVD_std': 0.004721, 'JSD_std': 0.000791}",0.937747,248.0,94.0,75.0,82.0,"{'value': 0.4627, 'status': 'VALID'}",9.0,18.0,14.0,27.0,5.435963,,19.0,27.0,,,,COMPILED_UNVERIFIED,4.166667,43.0
03-micro-gradient-scaling,QAOA_8_MAXCUT,PROMETHEUS,458.0,,,,,,,,0.194607,0.92569,0.053683,,,,,,,,,,7.403789,,,,,,,,7.735767,0.222965,111.0,,,"{'Hellinger_fidelity_std': 0.002665, 'TVD_std': 0.00473, 'JSD_std': 0.001936}",0.061955,312.0,95.0,111.0,569.0,"{'value': 0.6602, 'status': 'VALID'}",16.0,12.0,11.0,28.0,5.054093,,235.0,99.0,,,,COMPILED_UNVERIFIED,9.25,83.0
02-randomized-instance-robustness,CrossEnt_9_INST_5,PROMETHEUS,,,,,,,,,,0.745065,,,,,,,,,,,,,,,,,,,,0.407166,,,,,,986.0,0.0,,,,,72.0,,,,,,1092.0,0.0,,,COMPILED_UNVERIFIED,,
02-randomized-instance-robustness,QAOA_6_INST_1,SABRE_O3,,,,,,,,,,0.901119,,,,,,,,,,,,,,,,,,,,0.246969,,,,,,42.0,1.0,,,,,6.0,,,,,,15.0,0.0,,,COMPILED_UNVERIFIED,,
02-randomized-instance-robustness,CrossEnt_6_INST_1,TKET,,,,,,,,,,0.905085,,,,,,,,,,,,,,,,,,,,0.224779,,,,,,229.0,2.0,,,,,30.0,,,,,,30.0,27.0,,,COMPILED_UNVERIFIED,,
02-randomized-instance-robustness,CrossEnt_9_INST_5,SABRE_O3,,,,,,,,,,0.643855,,,,,,,,,,,,,,,,,,,,0.441354,,,,,,264.0,3.0,,,,,72.0,,,,,,121.0,0.0,,,COMPILED_UNVERIFIED,,
02-randomized-instance-robustness,QAOA_9_INST_3,SABRE_O3,,,,,,,,,,0.926257,,,,,,,,,,,,,,,,,,,,0.189312,,,,,,74.0,4.0,,,,,11.0,,,,,,22.0,0.0,,,COMPILED_UNVERIFIED,,
02-randomized-instance-robustness,QAOA_6_INST_4,TKET,,,,,,,,,,0.859088,,,,,,,,,,,,,,,,,,,,0.286812,,,,,,218.0,5.0,,,,,10.0,,,,,,17.0,7.0,,,COMPILED_UNVERIFIED,,
02-randomized-instance-robustness,CrossEnt_7_INST_2,TKET,,,,,,,,,,0.892353,,,,,,,,,,,,,,,,,,,,0.242357,,,,,,279.0,6.0,,,,,42.0,,,,,,44.0,38.0,,,COMPILED_UNVERIFIED,,
02-randomized-instance-robustness,QAOA_7_INST_5,TKET,,,,,,,,,,0.95994,,,,,,,,,,,,,,,,,,,,0.142023,,,,,,123.0,7.0,,,,,7.0,,,,,,12.0,5.0,,,COMPILED_UNVERIFIED,,
02-randomized-instance-robustness,CrossEnt_7_INST_4,PROMETHEUS,,,,,,,,,,0.758416,,,,,,,,,,,,,,,,,,,,0.399346,,,,,,577.0,8.0,,,,,42.0,,,,,,420.0,0.0,,,COMPILED_UNVERIFIED,,
02-randomized-instance-robustness,QAOA_8_INST_4,PROMETHEUS,,,,,,,,,,0.914222,,,,,,,,,,,,,,,,,,,,0.213569,,,,,,245.0,9.0,,,,,13.0,,,,,,76.0,0.0,,,COMPILED_UNVERIFIED,,
02-randomized-instance-robustness,CrossEnt_7_INST_3,SABRE_O3,,,,,,,,,,0.546946,,,,,,,,,,,,,,,,,,,,0.559307,,,,,,190.0,10.0,,,,,42.0,,,,,,72.0,0.0,,,COMPILED_UNVERIFIED,,
02-randomized-instance-robustness,QAOA_8_INST_5,PROMETHEUS,,,,,,,,,,0.87587,,,,,,,,,,,,,,,,,,,,0.268193,,,,,,238.0,11.0,,,,,10.0,,,,,,91.0,0.0,,,COMPILED_UNVERIFIED,,
02-randomized-instance-robustness,QAOA_7_INST_3,SABRE_O3,,,,,,,,,,0.970131,,,,,,,,,,,,,,,,,,,,0.117099,,,,,,46.0,12.0,,,,,7.0,,,,,,13.0,0.0,,,COMPILED_UNVERIFIED,,
02-randomized-instance-robustness,CrossEnt_8_INST_4,SABRE_O3,,,,,,,,,,0.67657,,,,,,,,,,,,,,,,,,,,0.467482,,,,,,222.0,13.0,,,,,56.0,,,,,,91.0,0.0,,,COMPILED_UNVERIFIED,,
02-randomized-instance-robustness,QAOA_8_INST_3,PROMETHEUS,,,,,,,,,,0.918525,,,,,,,,,,,,,,,,,,,,0.214298,,,,,,190.0,14.0,,,,,10.0,,,,,,76.0,0.0,,,COMPILED_UNVERIFIED,,
02-randomized-instance-robustness,QAOA_6_INST_3,PROMETHEUS,,,,,,,,,,0.974398,,,,,,,,,,,,,,,,,,,,0.108262,,,,,,150.0,15.0,,,,,6.0,,,,,,30.0,0.0,,,COMPILED_UNVERIFIED,,
02-randomized-instance-robustness,QAOA_9_INST_5,SABRE_O3,,,,,,,,,,0.708818,,,,,,,,,,,,,,,,,,,,0.430479,,,,,,67.0,16.0,,,,,13.0,,,,,,22.0,0.0,,,COMPILED_UNVERIFIED,,
02-randomized-instance-robustness,QAOA_7_INST_4,TKET,,,,,,,,,,0.872216,,,,,,,,,,,,,,,,,,,,0.275207,,,,,,219.0,17.0,,,,,12.0,,,,,,24.0,12.0,,,COMPILED_UNVERIFIED,,
02-randomized-instance-robustness,CrossEnt_9_INST_4,PROMETHEUS,,,,,,,,,,0.544672,,,,,,,,,,,,,,,,,,,,0.553378,,,,,,986.0,18.0,,,,,72.0,,,,,,1092.0,0.0,,,COMPILED_UNVERIFIED,,
02-randomized-instance-robustness,QAOA_6_INST_2,SABRE_O3,,,,,,,,,,0.89337,,,,,,,,,,,,,,,,,,,,0.249891,,,,,,42.0,19.0,,,,,6.0,,,,,,15.0,0.0,,,COMPILED_UNVERIFIED,,
02-randomized-instance-robustness,QAOA_7_INST_1,PROMETHEUS,,,,,,,,,,0.935619,,,,,,,,,,,,,,,,,,,,0.185368,,,,,,205.0,20.0,,,,,8.0,,,,,,68.0,0.0,,,COMPILED_UNVERIFIED,,
02-randomized-instance-robustness,CrossEnt_7_INST_2,PROMETHEUS,,,,,,,,,,0.772337,,,,,,,,,,,,,,,,,,,,0.398112,,,,,,577.0,21.0,,,,,42.0,,,,,,420.0,0.0,,,COMPILED_UNVERIFIED,,
02-randomized-instance-robustness,CrossEnt_7_INST_5,SABRE_O3,,,,,,,,,,0.585266,,,,,,,,,,,,,,,,,,,,0.532142,,,,,,192.0,22.0,,,,,42.0,,,,,,72.0,0.0,,,COMPILED_UNVERIFIED,,
02-randomized-instance-robustness,CrossEnt_6_INST_3,TKET,,,,,,,,,,0.896705,,,,,,,,,,,,,,,,,,,,0.237382,,,,,,229.0,23.0,,,,,30.0,,,,,,30.0,27.0,,,COMPILED_UNVERIFIED,,
02-randomized-instance-robustness,CrossEnt_7_INST_3,TKET,,,,,,,,,,0.905271,,,,,,,,,,,,,,,,,,,,0.220629,,,,,,279.0,24.0,,,,,42.0,,,,,,44.0,38.0,,,COMPILED_UNVERIFIED,,
02-randomized-instance-robustness,QAOA_6_INST_1,TKET,,,,,,,,,,0.96138,,,,,,,,,,,,,,,,,,,,0.14904,,,,,,112.0,25.0,,,,,6.0,,,,,,10.0,4.0,,,COMPILED_UNVERIFIED,,
02-randomized-instance-robustness,QAOA_7_INST_3,TKET,,,,,,,,,,0.958921,,,,,,,,,,,,,,,,,,,,0.13915,,,,,,95.0,26.0,,,,,7.0,,,,,,10.0,3.0,,,COMPILED_UNVERIFIED,,
02-randomized-instance-robustness,QAOA_6_INST_4,SABRE_O3,,,,,,,,,,0.955303,,,,,,,,,,,,,,,,,,,,0.152642,,,,,,96.0,27.0,,,,,10.0,,,,,,16.0,0.0,,,COMPILED_UNVERIFIED,,
02-randomized-instance-robustness,CrossEnt_8_INST_2,PROMETHEUS,,,,,,,,,,0.683464,,,,,,,,,,,,,,,,,,,,0.475206,,,,,,778.0,28.0,,,,,56.0,,,,,,735.0,0.0,,,COMPILED_UNVERIFIED,,
02-randomized-instance-robustness,QAOA_9_INST_1,SABRE_O3,,,,,,,,,,0.54274,,,,,,,,,,,,,,,,,,,,0.531471,,,,,,153.0,29.0,,,,,17.0,,,,,,55.0,0.0,,,COMPILED_UNVERIFIED,,
02-randomized-instance-robustness,QAOA_6_INST_2,TKET,,,,,,,,,,0.969915,,,,,,,,,,,,,,,,,,,,0.132303,,,,,,112.0,30.0,,,,,6.0,,,,,,10.0,4.0,,,COMPILED_UNVERIFIED,,
02-randomized-instance-robustness,CrossEnt_9_INST_2,TKET,,,,,,,,,,0.686789,,,,,,,,,,,,,,,,,,,,0.44793,,,,,,429.0,31.0,,,,,72.0,,,,,,102.0,72.0,,,COMPILED_UNVERIFIED,,
02-randomized-instance-robustness,QAOA_7_INST_1,TKET,,,,,,,,,,0.892716,,,,,,,,,,,,,,,,,,,,0.25628,,,,,,145.0,32.0,,,,,8.0,,,,,,12.0,4.0,,,COMPILED_UNVERIFIED,,
02-randomized-instance-robustness,CrossEnt_6_INST_2,SABRE_O3,,,,,,,,,,0.712408,,,,,,,,,,,,,,,,,,,,0.43484,,,,,,148.0,33.0,,,,,30.0,,,,,,41.0,0.0,,,COMPILED_UNVERIFIED,,
02-randomized-instance-robustness,QAOA_8_INST_2,PROMETHEUS,,,,,,,,,,0.917668,,,,,,,,,,,,,,,,,,,,0.21223,,,,,,219.0,34.0,,,,,10.0,,,,,,82.0,0.0,,,COMPILED_UNVERIFIED,,
02-randomized-instance-robustness,CrossEnt_8_INST_5,PROMETHEUS,,,,,,,,,,0.501023,,,,,,,,,,,,,,,,,,,,0.599063,,,,,,778.0,35.0,,,,,56.0,,,,,,735.0,0.0,,,COMPILED_UNVERIFIED,,
02-randomized-instance-robustness,CrossEnt_8_INST_5,TKET,,,,,,,,,,0.773152,,,,,,,,,,,,,,,,,,,,0.370631,,,,,,320.0,36.0,,,,,56.0,,,,,,58.0,52.0,,,COMPILED_UNVERIFIED,,
02-randomized-instance-robustness,QAOA_8_INST_5,SABRE_O3,,,,,,,,,,0.880282,,,,,,,,,,,,,,,,,,,,0.268759,,,,,,75.0,37.0,,,,,10.0,,,,,,23.0,0.0,,,COMPILED_UNVERIFIED,,
02-randomized-instance-robustness,CrossEnt_6_INST_5,TKET,,,,,,,,,,0.907882,,,,,,,,,,,,,,,,,,,,0.221146,,,,,,229.0,38.0,,,,,30.0,,,,,,30.0,27.0,,,COMPILED_UNVERIFIED,,
02-randomized-instance-robustness,QAOA_6_INST_4,PROMETHEUS,,,,,,,,,,0.936174,,,,,,,,,,,,,,,,,,,,0.17629,,,,,,221.0,39.0,,,,,10.0,,,,,,52.0,0.0,,,COMPILED_UNVERIFIED,,
02-randomized-instance-robustness,CrossEnt_9_INST_1,PROMETHEUS,,,,,,,,,,0.394759,,,,,,,,,,,,,,,,,,,,0.665428,,,,,,986.0,40.0,,,,,72.0,,,,,,1092.0,0.0,,,COMPILED_UNVERIFIED,,
02-randomized-instance-robustness,QAOA_6_INST_5,PROMETHEUS,,,,,,,,,,0.984268,,,,,,,,,,,,,,,,,,,,0.095217,,,,,,101.0,41.0,,,,,6.0,,,,,,18.0,0.0,,,COMPILED_UNVERIFIED,,
02-randomized-instance-robustness,CrossEnt_6_INST_3,PROMETHEUS,,,,,,,,,,0.839351,,,,,,,,,,,,,,,,,,,,0.311955,,,,,,419.0,42.0,,,,,30.0,,,,,,240.0,0.0,,,COMPILED_UNVERIFIED,,
02-randomized-instance-robustness,CrossEnt_8_INST_2,SABRE_O3,,,,,,,,,,0.650026,,,,,,,,,,,,,,,,,,,,0.487097,,,,,,221.0,43.0,,,,,56.0,,,,,,91.0,0.0,,,COMPILED_UNVERIFIED,,
02-randomized-instance-robustness,CrossEnt_9_INST_5,TKET,,,,,,,,,,0.810108,,,,,,,,,,,,,,,,,,,,0.340609,,,,,,429.0,44.0,,,,,72.0,,,,,,102.0,72.0,,,COMPILED_UNVERIFIED,,
02-randomized-instance-robustness,QAOA_8_INST_3,TKET,,,,,,,,,,0.886725,,,,,,,,,,,,,,,,,,,,0.242775,,,,,,197.0,45.0,,,,,10.0,,,,,,18.0,8.0,,,COMPILED_UNVERIFIED,,
02-randomized-instance-robustness,CrossEnt_9_INST_2,SABRE_O3,,,,,,,,,,0.590136,,,,,,,,,,,,,,,,,,,,0.493327,,,,,,265.0,46.0,,,,,72.0,,,,,,121.0,0.0,,,COMPILED_UNVERIFIED,,
02-randomized-instance-robustness,QAOA_9_INST_4,PROMETHEUS,,,,,,,,,,0.839242,,,,,,,,,,,,,,,,,,,,0.301501,,,,,,391.0,47.0,,,,,16.0,,,,,,199.0,0.0,,,COMPILED_UNVERIFIED,,
02-randomized-instance-robustness,QAOA_9_INST_1,PROMETHEUS,,,,,,,,,,0.86171,,,,,,,,,,,,,,,,,,,,0.284774,,,,,,347.0,48.0,,,,,17.0,,,,,,170.0,0.0,,,COMPILED_UNVERIFIED,,
02-randomized-instance-robustness,CrossEnt_9_INST_4,TKET,,,,,,,,,,0.730472,,,,,,,,,,,,,,,,,,,,0.405471,,,,,,429.0,49.0,,,,,72.0,,,,,,102.0,72.0,,,COMPILED_UNVERIFIED,,
02-randomized-instance-robustness,QAOA_6_INST_3,TKET,,,,,,,,,,0.931412,,,,,,,,,,,,,,,,,,,,0.193231,,,,,,117.0,50.0,,,,,6.0,,,,,,10.0,4.0,,,COMPILED_UNVERIFIED,,
02-randomized-instance-robustness,CrossEnt_9_INST_1,TKET,,,,,,,,,,0.607793,,,,,,,,,,,,,,,,,,,,0.520693,,,,,,429.0,51.0,,,,,72.0,,,,,,102.0,72.0,,,COMPILED_UNVERIFIED,,
02-randomized-instance-robustness,QAOA_8_INST_1,PROMETHEUS,,,,,,,,,,0.913069,,,,,,,,,,,,,,,,,,,,0.208911,,,,,,247.0,52.0,,,,,12.0,,,,,,96.0,0.0,,,COMPILED_UNVERIFIED,,
02-randomized-instance-robustness,CrossEnt_8_INST_1,SABRE_O3,,,,,,,,,,0.636682,,,,,,,,,,,,,,,,,,,,0.49096,,,,,,221.0,53.0,,,,,56.0,,,,,,91.0,0.0,,,COMPILED_UNVERIFIED,,
02-randomized-instance-robustness,CrossEnt_9_INST_3,TKET,,,,,,,,,,0.731838,,,,,,,,,,,,,,,,,,,,0.422058,,,,,,429.0,54.0,,,,,72.0,,,,,,102.0,72.0,,,COMPILED_UNVERIFIED,,
02-randomized-instance-robustness,QAOA_8_INST_1,TKET,,,,,,,,,,0.902777,,,,,,,,,,,,,,,,,,,,0.228657,,,,,,185.0,55.0,,,,,12.0,,,,,,23.0,11.0,,,COMPILED_UNVERIFIED,,
02-randomized-instance-robustness,QAOA_6_INST_1,PROMETHEUS,,,,,,,,,,0.979869,,,,,,,,,,,,,,,,,,,,0.102518,,,,,,101.0,56.0,,,,,6.0,,,,,,18.0,0.0,,,COMPILED_UNVERIFIED,,
02-randomized-instance-robustness,CrossEnt_7_INST_3,PROMETHEUS,,,,,,,,,,0.844725,,,,,,,,,,,,,,,,,,,,0.299684,,,,,,577.0,57.0,,,,,42.0,,,,,,420.0,0.0,,,COMPILED_UNVERIFIED,,
02-randomized-instance-robustness,QAOA_6_INST_5,TKET,,,,,,,,,,0.965711,,,,,,,,,,,,,,,,,,,,0.141857,,,,,,112.0,58.0,,,,,6.0,,,,,,10.0,4.0,,,COMPILED_UNVERIFIED,,
02-randomized-instance-robustness,CrossEnt_9_INST_3,SABRE_O3,,,,,,,,,,0.532663,,,,,,,,,,,,,,,,,,,,0.554264,,,,,,265.0,59.0,,,,,72.0,,,,,,121.0,0.0,,,COMPILED_UNVERIFIED,,
02-randomized-instance-robustness,CrossEnt_9_INST_1,SABRE_O3,,,,,,,,,,0.342728,,,,,,,,,,,,,,,,,,,,0.67781,,,,,,264.0,60.0,,,,,72.0,,,,,,121.0,0.0,,,COMPILED_UNVERIFIED,,
02-randomized-instance-robustness,CrossEnt_8_INST_2,TKET,,,,,,,,,,0.847306,,,,,,,,,,,,,,,,,,,,0.309947,,,,,,320.0,61.0,,,,,56.0,,,,,,58.0,52.0,,,COMPILED_UNVERIFIED,,
02-randomized-instance-robustness,QAOA_9_INST_5,TKET,,,,,,,,,,0.873185,,,,,,,,,,,,,,,,,,,,0.267409,,,,,,154.0,62.0,,,,,13.0,,,,,,23.0,10.0,,,COMPILED_UNVERIFIED,,
02-randomized-instance-robustness,QAOA_7_INST_2,PROMETHEUS,,,,,,,,,,0.944321,,,,,,,,,,,,,,,,,,,,0.188022,,,,,,138.0,63.0,,,,,7.0,,,,,,37.0,0.0,,,COMPILED_UNVERIFIED,,
02-randomized-instance-robustness,CrossEnt_6_INST_4,TKET,,,,,,,,,,0.883511,,,,,,,,,,,,,,,,,,,,0.272026,,,,,,229.0,64.0,,,,,30.0,,,,,,30.0,27.0,,,COMPILED_UNVERIFIED,,
02-randomized-instance-robustness,QAOA_8_INST_4,SABRE_O3,,,,,,,,,,0.723898,,,,,,,,,,,,,,,,,,,,0.403242,,,,,,87.0,65.0,,,,,13.0,,,,,,32.0,0.0,,,COMPILED_UNVERIFIED,,
02-randomized-instance-robustness,CrossEnt_7_INST_1,TKET,,,,,,,,,,0.885431,,,,,,,,,,,,,,,,,,,,0.254938,,,,,,279.0,66.0,,,,,42.0,,,,,,44.0,38.0,,,COMPILED_UNVERIFIED,,
02-randomized-instance-robustness,QAOA_7_INST_5,PROMETHEUS,,,,,,,,,,0.97462,,,,,,,,,,,,,,,,,,,,0.126484,,,,,,110.0,67.0,,,,,7.0,,,,,,22.0,0.0,,,COMPILED_UNVERIFIED,,
02-randomized-instance-robustness,QAOA_8_INST_3,SABRE_O3,,,,,,,,,,0.689617,,,,,,,,,,,,,,,,,,,,0.468806,,,,,,65.0,68.0,,,,,10.0,,,,,,19.0,0.0,,,COMPILED_UNVERIFIED,,
02-randomized-instance-robustness,QAOA_7_INST_2,TKET,,,,,,,,,,0.928983,,,,,,,,,,,,,,,,,,,,0.20828,,,,,,151.0,69.0,,,,,7.0,,,,,,13.0,6.0,,,COMPILED_UNVERIFIED,,
02-randomized-instance-robustness,CrossEnt_8_INST_4,TKET,,,,,,,,,,0.871363,,,,,,,,,,,,,,,,,,,,0.27466,,,,,,320.0,70.0,,,,,56.0,,,,,,58.0,52.0,,,COMPILED_UNVERIFIED,,
02-randomized-instance-robustness,QAOA_9_INST_2,PROMETHEUS,,,,,,,,,,0.824543,,,,,,,,,,,,,,,,,,,,0.319037,,,,,,367.0,71.0,,,,,15.0,,,,,,180.0,0.0,,,COMPILED_UNVERIFIED,,
02-randomized-instance-robustness,CrossEnt_9_INST_2,PROMETHEUS,,,,,,,,,,0.586202,,,,,,,,,,,,,,,,,,,,0.536542,,,,,,986.0,72.0,,,,,72.0,,,,,,1092.0,0.0,,,COMPILED_UNVERIFIED,,
02-randomized-instance-robustness,CrossEnt_7_INST_2,SABRE_O3,,,,,,,,,,0.49215,,,,,,,,,,,,,,,,,,,,0.582137,,,,,,193.0,73.0,,,,,42.0,,,,,,72.0,0.0,,,COMPILED_UNVERIFIED,,
02-randomized-instance-robustness,QAOA_8_INST_2,SABRE_O3,,,,,,,,,,0.829634,,,,,,,,,,,,,,,,,,,,0.326369,,,,,,77.0,74.0,,,,,10.0,,,,,,22.0,0.0,,,COMPILED_UNVERIFIED,,
02-randomized-instance-robustness,QAOA_9_INST_3,TKET,,,,,,,,,,0.889845,,,,,,,,,,,,,,,,,,,,0.24986,,,,,,149.0,75.0,,,,,11.0,,,,,,15.0,4.0,,,COMPILED_UNVERIFIED,,
02-randomized-instance-robustness,CrossEnt_9_INST_3,PROMETHEUS,,,,,,,,,,0.643648,,,,,,,,,,,,,,,,,,,,0.486049,,,,,,986.0,76.0,,,,,72.0,,,,,,1092.0,0.0,,,COMPILED_UNVERIFIED,,
02-randomized-instance-robustness,QAOA_9_INST_3,PROMETHEUS,,,,,,,,,,0.890177,,,,,,,,,,,,,,,,,,,,0.24228,,,,,,266.0,77.0,,,,,11.0,,,,,,98.0,0.0,,,COMPILED_UNVERIFIED,,
02-randomized-instance-robustness,CrossEnt_8_INST_1,PROMETHEUS,,,,,,,,,,0.6871,,,,,,,,,,,,,,,,,,,,0.458125,,,,,,778.0,78.0,,,,,56.0,,,,,,735.0,0.0,,,COMPILED_UNVERIFIED,,
02-randomized-instance-robustness,QAOA_9_INST_2,SABRE_O3,,,,,,,,,,0.922769,,,,,,,,,,,,,,,,,,,,0.192281,,,,,,102.0,79.0,,,,,15.0,,,,,,41.0,0.0,,,COMPILED_UNVERIFIED,,
02-randomized-instance-robustness,QAOA_7_INST_1,SABRE_O3,,,,,,,,,,0.942774,,,,,,,,,,,,,,,,,,,,0.175126,,,,,,67.0,80.0,,,,,8.0,,,,,,14.0,0.0,,,COMPILED_UNVERIFIED,,
02-randomized-instance-robustness,QAOA_8_INST_5,TKET,,,,,,,,,,0.87763,,,,,,,,,,,,,,,,,,,,0.267181,,,,,,201.0,81.0,,,,,10.0,,,,,,19.0,9.0,,,COMPILED_UNVERIFIED,,
02-randomized-instance-robustness,CrossEnt_6_INST_2,PROMETHEUS,,,,,,,,,,0.729395,,,,,,,,,,,,,,,,,,,,0.409159,,,,,,419.0,82.0,,,,,30.0,,,,,,240.0,0.0,,,COMPILED_UNVERIFIED,,
02-randomized-instance-robustness,QAOA_7_INST_4,PROMETHEUS,,,,,,,,,,0.920715,,,,,,,,,,,,,,,,,,,,0.199273,,,,,,260.0,83.0,,,,,12.0,,,,,,78.0,0.0,,,COMPILED_UNVERIFIED,,
02-randomized-instance-robustness,CrossEnt_7_INST_1,SABRE_O3,,,,,,,,,,0.563378,,,,,,,,,,,,,,,,,,,,0.543744,,,,,,192.0,84.0,,,,,42.0,,,,,,72.0,0.0,,,COMPILED_UNVERIFIED,,
02-randomized-instance-robustness,CrossEnt_8_INST_5,SABRE_O3,,,,,,,,,,0.43872,,,,,,,,,,,,,,,,,,,,0.638194,,,,,,222.0,85.0,,,,,56.0,,,,,,91.0,0.0,,,COMPILED_UNVERIFIED,,
02-randomized-instance-robustness,CrossEnt_6_INST_1,SABRE_O3,,,,,,,,,,0.79347,,,,,,,,,,,,,,,,,,,,0.384266,,,,,,149.0,86.0,,,,,30.0,,,,,,41.0,0.0,,,COMPILED_UNVERIFIED,,
02-randomized-instance-robustness,QAOA_6_INST_5,SABRE_O3,,,,,,,,,,0.892587,,,,,,,,,,,,,,,,,,,,0.257946,,,,,,42.0,87.0,,,,,6.0,,,,,,15.0,0.0,,,COMPILED_UNVERIFIED,,
02-randomized-instance-robustness,CrossEnt_9_INST_4,SABRE_O3,,,,,,,,,,0.364256,,,,,,,,,,,,,,,,,,,,0.668842,,,,,,265.0,88.0,,,,,72.0,,,,,,121.0,0.0,,,COMPILED_UNVERIFIED,,
02-randomized-instance-robustness,QAOA_9_INST_4,TKET,,,,,,,,,,0.835362,,,,,,,,,,,,,,,,,,,,0.316668,,,,,,210.0,89.0,,,,,16.0,,,,,,35.0,19.0,,,COMPILED_UNVERIFIED,,
02-randomized-instance-robustness,CrossEnt_7_INST_1,PROMETHEUS,,,,,,,,,,0.755165,,,,,,,,,,,,,,,,,,,,0.403169,,,,,,577.0,90.0,,,,,42.0,,,,,,420.0,0.0,,,COMPILED_UNVERIFIED,,
02-randomized-instance-robustness,QAOA_7_INST_2,SABRE_O3,,,,,,,,,,0.979668,,,,,,,,,,,,,,,,,,,,0.110179,,,,,,50.0,91.0,,,,,7.0,,,,,,14.0,0.0,,,COMPILED_UNVERIFIED,,
02-randomized-instance-robustness,QAOA_8_INST_2,TKET,,,,,,,,,,0.758917,,,,,,,,,,,,,,,,,,,,0.37922,,,,,,180.0,92.0,,,,,10.0,,,,,,20.0,10.0,,,COMPILED_UNVERIFIED,,
02-randomized-instance-robustness,CrossEnt_8_INST_1,TKET,,,,,,,,,,0.824509,,,,,,,,,,,,,,,,,,,,0.315805,,,,,,320.0,93.0,,,,,56.0,,,,,,58.0,52.0,,,COMPILED_UNVERIFIED,,
02-randomized-instance-robustness,QAOA_9_INST_4,SABRE_O3,,,,,,,,,,0.882525,,,,,,,,,,,,,,,,,,,,0.254322,,,,,,90.0,94.0,,,,,16.0,,,,,,36.0,0.0,,,COMPILED_UNVERIFIED,,
02-randomized-instance-robustness,CrossEnt_8_INST_3,PROMETHEUS,,,,,,,,,,0.633854,,,,,,,,,,,,,,,,,,,,0.485767,,,,,,778.0,95.0,,,,,56.0,,,,,,735.0,0.0,,,COMPILED_UNVERIFIED,,
02-randomized-instance-robustness,CrossEnt_6_INST_5,SABRE_O3,,,,,,,,,,0.774763,,,,,,,,,,,,,,,,,,,,0.381746,,,,,,146.0,96.0,,,,,30.0,,,,,,41.0,0.0,,,COMPILED_UNVERIFIED,,
02-randomized-instance-robustness,CrossEnt_7_INST_5,TKET,,,,,,,,,,0.873241,,,,,,,,,,,,,,,,,,,,0.265181,,,,,,279.0,97.0,,,,,42.0,,,,,,44.0,38.0,,,COMPILED_UNVERIFIED,,
02-randomized-instance-robustness,CrossEnt_7_INST_4,TKET,,,,,,,,,,0.870269,,,,,,,,,,,,,,,,,,,,0.266978,,,,,,279.0,98.0,,,,,42.0,,,,,,44.0,38.0,,,COMPILED_UNVERIFIED,,
02-randomized-instance-robustness,QAOA_9_INST_2,TKET,,,,,,,,,,0.795819,,,,,,,,,,,,,,,,,,,,0.350474,,,,,,273.0,99.0,,,,,15.0,,,,,,28.0,13.0,,,COMPILED_UNVERIFIED,,
02-randomized-instance-robustness,QAOA_8_INST_4,TKET,,,,,,,,,,0.887658,,,,,,,,,,,,,,,,,,,,0.243083,,,,,,175.0,100.0,,,,,13.0,,,,,,24.0,11.0,,,COMPILED_UNVERIFIED,,
02-randomized-instance-robustness,CrossEnt_8_INST_4,PROMETHEUS,,,,,,,,,,0.690714,,,,,,,,,,,,,,,,,,,,0.459423,,,,,,778.0,101.0,,,,,56.0,,,,,,735.0,0.0,,,COMPILED_UNVERIFIED,,
02-randomized-instance-robustness,QAOA_8_INST_1,SABRE_O3,,,,,,,,,,0.881827,,,,,,,,,,,,,,,,,,,,0.241667,,,,,,87.0,102.0,,,,,12.0,,,,,,27.0,0.0,,,COMPILED_UNVERIFIED,,
02-randomized-instance-robustness,CrossEnt_7_INST_4,SABRE_O3,,,,,,,,,,0.513253,,,,,,,,,,,,,,,,,,,,0.574922,,,,,,190.0,103.0,,,,,42.0,,,,,,72.0,0.0,,,COMPILED_UNVERIFIED,,
02-randomized-instance-robustness,QAOA_7_INST_3,PROMETHEUS,,,,,,,,,,0.961532,,,,,,,,,,,,,,,,,,,,0.144653,,,,,,158.0,104.0,,,,,7.0,,,,,,37.0,0.0,,,COMPILED_UNVERIFIED,,
02-randomized-instance-robustness,QAOA_9_INST_5,PROMETHEUS,,,,,,,,,,0.832364,,,,,,,,,,,,,,,,,,,,0.304848,,,,,,359.0,105.0,,,,,13.0,,,,,,175.0,0.0,,,COMPILED_UNVERIFIED,,
02-randomized-instance-robustness,CrossEnt_6_INST_1,PROMETHEUS,,,,,,,,,,0.842173,,,,,,,,,,,,,,,,,,,,0.313258,,,,,,419.0,106.0,,,,,30.0,,,,,,240.0,0.0,,,COMPILED_UNVERIFIED,,
02-randomized-instance-robustness,QAOA_7_INST_5,SABRE_O3,,,,,,,,,,0.981709,,,,,,,,,,,,,,,,,,,,0.096133,,,,,,40.0,107.0,,,,,7.0,,,,,,15.0,0.0,,,COMPILED_UNVERIFIED,,
02-randomized-instance-robustness,CrossEnt_6_INST_5,PROMETHEUS,,,,,,,,,,0.841396,,,,,,,,,,,,,,,,,,,,0.313078,,,,,,419.0,108.0,,,,,30.0,,,,,,240.0,0.0,,,COMPILED_UNVERIFIED,,
02-randomized-instance-robustness,CrossEnt_8_INST_3,SABRE_O3,,,,,,,,,,0.574883,,,,,,,,,,,,,,,,,,,,0.515479,,,,,,226.0,109.0,,,,,56.0,,,,,,91.0,0.0,,,COMPILED_UNVERIFIED,,
02-randomized-instance-robustness,QAOA_9_INST_1,TKET,,,,,,,,,,0.808201,,,,,,,,,,,,,,,,,,,,0.34402,,,,,,279.0,110.0,,,,,17.0,,,,,,36.0,19.0,,,COMPILED_UNVERIFIED,,
02-randomized-instance-robustness,QAOA_7_INST_4,SABRE_O3,,,,,,,,,,0.681943,,,,,,,,,,,,,,,,,,,,0.455125,,,,,,99.0,111.0,,,,,12.0,,,,,,27.0,0.0,,,COMPILED_UNVERIFIED,,
02-randomized-instance-robustness,CrossEnt_8_INST_3,TKET,,,,,,,,,,0.818659,,,,,,,,,,,,,,,,,,,,0.331285,,,,,,320.0,112.0,,,,,56.0,,,,,,58.0,52.0,,,COMPILED_UNVERIFIED,,
02-randomized-instance-robustness,CrossEnt_6_INST_3,SABRE_O3,,,,,,,,,,0.80077,,,,,,,,,,,,,,,,,,,,0.334544,,,,,,146.0,113.0,,,,,30.0,,,,,,41.0,0.0,,,COMPILED_UNVERIFIED,,
02-randomized-instance-robustness,CrossEnt_6_INST_4,PROMETHEUS,,,,,,,,,,0.785879,,,,,,,,,,,,,,,,,,,,0.365026,,,,,,419.0,114.0,,,,,30.0,,,,,,240.0,0.0,,,COMPILED_UNVERIFIED,,
02-randomized-instance-robustness,CrossEnt_6_INST_4,SABRE_O3,,,,,,,,,,0.749563,,,,,,,,,,,,,,,,,,,,0.386222,,,,,,150.0,115.0,,,,,30.0,,,,,,41.0,0.0,,,COMPILED_UNVERIFIED,,
02-randomized-instance-robustness,CrossEnt_6_INST_2,TKET,,,,,,,,,,0.814248,,,,,,,,,,,,,,,,,,,,0.330206,,,,,,229.0,116.0,,,,,30.0,,,,,,30.0,27.0,,,COMPILED_UNVERIFIED,,
02-randomized-instance-robustness,QAOA_6_INST_3,SABRE_O3,,,,,,,,,,0.781095,,,,,,,,,,,,,,,,,,,,0.371317,,,,,,50.0,117.0,,,,,6.0,,,,,,9.0,0.0,,,COMPILED_UNVERIFIED,,
02-randomized-instance-robustness,QAOA_6_INST_2,PROMETHEUS,,,,,,,,,,0.985036,,,,,,,,,,,,,,,,,,,,0.092483,,,,,,101.0,118.0,,,,,6.0,,,,,,18.0,0.0,,,COMPILED_UNVERIFIED,,
02-randomized-instance-robustness,CrossEnt_7_INST_5,PROMETHEUS,,,,,,,,,,0.772598,,,,,,,,,,,,,,,,,,,,0.37584,,,,,,577.0,119.0,,,,,42.0,,,,,,420.0,0.0,,,COMPILED_UNVERIFIED,,
01-distributional-concentration,,,,QAOA,ibm_kingston,,,,,,,,,,,28.0,163.0,7.889281657530406,0.58043,0.0771155099654985,1.0942494800447649,8.0,,28.0,79.0,7.963959843691128,0.5664599999999999,0.0139769814459271,0.8810078938358551,,,,,,,,,,,,,,,,,,,,,,,,,,,
01-distributional-concentration,,,,QAOA,ibm_kingston,,,,,,,,,,,44.0,227.0,11.870860093396896,0.5656000000000001,0.1216653509720046,0.6693002486154891,12.0,,44.0,110.0,11.909964119338122,0.5741700000000001,0.0711478650414128,0.7477671666435777,,,,,,,,,,,,,,,,,,,,,,,,,,,
01-distributional-concentration,,,,QAOA,ibm_kingston,,,,,,,,,,,60.0,291.0,15.365763197045004,0.5611200000000001,5.483776989720399,0.6102929846998156,16.0,,60.0,139.0,15.414633951883143,0.5576800000000001,5.079778609026853,0.581152278924142,,,,,,,,,,,,,,,,,,,,,,,,,,,
01-distributional-concentration,,,,QFT,ibm_kingston,,,,,,,,,,,875.0,1282.0,6.604469445496292,0.42512,1.6369669619614002,0.1111111111111111,8.0,,91.0,183.0,7.955351337799003,0.48489,0.0452771331170309,-0.0,,,,,,,,,,,,,,,,,,,,,,,,,,,
01-distributional-concentration,,,,QFT,ibm_kingston,,,,,,,,,,,2871.0,3369.0,10.966392688343502,0.43953,1.1923461357203669,-0.0384615384615384,12.0,,275.0,411.0,11.579314868358397,0.45461,0.4717856316862061,-0.0769230769230769,,,,,,,,,,,,,,,,,,,,,,,,,,,
01-distributional-concentration,,,,QFT,ibm_kingston,,,,,,,,,,,6624.0,6099.0,14.739079484182902,0.35836,9.58522287080048,0.0571428571428571,16.0,,486.0,503.0,15.163488761688402,0.35475,7.194702994449916,0.0285714285714285,,,,,,,,,,,,,,,,,,,,,,,,,,,
01-distributional-concentration,,,,,,,,-0.0181727563536284,,,,,,d85lep80bvlc73d5oqtg,,,,10.926497783402027,,,,,,,,10.9083250270484,,,,,,,,,,,,,,,,,,,,,,,,,,,,,,
01-distributional-concentration,,,,,,,,0.2790223348533898,,,,,,d85lekntjchs73brfafg,,,,7.325043492519857,,,,,,,,7.604065827373247,,,,,,,,,,,,,,,,,,,,,,,,,,,,,,
01-distributional-concentration,,,,,,,,0.3629702987076015,,,,,,d85leg6gbeec73ap9omg,,,,10.480945240898505,,,,,,,,10.843915539606105,,,,,,,,,,,,,,,,,,,,,,,,,,,,,,
01-distributional-concentration,,,,,,,,1.2066070057686875,,,,,,d85le9ugbeec73ap9odg,,,,6.494442568719006,,,,,,,,7.701049574487694,,,,,,,,,,,,,,,,,,,,,,,,,,,,,,
01-distributional-concentration,,,,,,,,0.0262486929945122,,,,,,d85le500bvlc73d5oq30,,,,11.101705579189469,,,,,,,,11.12795427218398,,,,,,,,,,,,,,,,,,,,,,,,,,,,,,
01-distributional-concentration,,,,,,,,0.0501848851475914,,,,,,d85le0ftjchs73brf9kg,,,,7.85548512678036,,,,,,,,7.905670011927952,,,,,,,,,,,,,,,,,,,,,,,,,,,,,,
01-distributional-concentration,,,,,,,,0.4366493126896191,,,,,,d85lcavtjchs73brf7ig,,,,9.4973058676469,,,,,,,,9.933955180336518,,,,,,,,,,,,,,,,,,,,,,,,,,,,,,
01-distributional-concentration,,,,,,,,0.1758211620475958,,,,,,d85lc67tjchs73brf7a0,,,,6.070803972637828,,,,,,,,6.246625134685424,,,,,,,,,,,,,,,,,,,,,,,,,,,,,,
01-distributional-concentration,,,,,,,,-0.7012514311077345,,,,,,d85l7p7oha1c73bp030g,,,,3.535174283560948,,,,,,,,2.8339228524532136,,,,,,,,,,,,,,,,,,,,,,,,,,,,,,
01-distributional-concentration,,,,,,,,-0.9013007108430516,,,,,,d85l4gg0bvlc73d5oeqg,,,,2.763176865178035,,,,,,,,1.8618761543349835,,,,,,,,,,,,,,,,,,,,,,,,,,,,,,
01-distributional-concentration,,,,,,110.0,IBM_SABRE,,0.0,0.5052131566565753,,,,,3.874093481540996,,,,,,,,,,,,,,,15.971057959137385,,,,,,,,,,,,,,,,,,,,,,,,,,
01-distributional-concentration,,,,,,1025.0,PROMETHEUS_ESSP,,0.0,0.6195469743641607,,,,,1.4311100890904496,,,,,,,,,,,,,,,14.897871608392808,,,,,,,,,,,,,,,,,,,,,,,,,,
01-distributional-concentration,,,,,,109.0,IBM_SABRE,,1.0,0.5057705701812126,,,,,3.792911337667846,,,,,,,,,,,,,,,15.967020572792396,,,,,,,,,,,,,,,,,,,,,,,,,,
01-distributional-concentration,,,,,,959.0,PROMETHEUS_ESSP,,1.0,0.6318596842593307,,,,,1.337427652410789,,,,,,,,,,,,,,,14.759055875974068,,,,,,,,,,,,,,,,,,,,,,,,,,
01-distributional-concentration,,,,,,104.0,IBM_SABRE,,2.0,0.5046126675966474,,,,,3.9625559377688497,,,,,,,,,,,,,,,15.97468037388442,,,,,,,,,,,,,,,,,,,,,,,,,,
01-distributional-concentration,,,,,,965.0,PROMETHEUS_ESSP,,2.0,0.6236711018349742,,,,,1.3988320091462678,,,,,,,,,,,,,,,14.851719697348246,,,,,,,,,,,,,,,,,,,,,,,,,,
01-distributional-concentration,,,,,,96.0,IBM_SABRE,,3.0,0.5058224988513812,,,,,3.8091470066942814,,,,,,,,,,,,,,,15.967866559004042,,,,,,,,,,,,,,,,,,,,,,,,,,
01-distributional-concentration,,,,,,1047.0,PROMETHEUS_ESSP,,3.0,0.6221639737131281,,,,,1.4105177323137637,,,,,,,,,,,,,,,14.868626301592316,,,,,,,,,,,,,,,,,,,,,,,,,,
01-distributional-concentration,,,,,,111.0,IBM_SABRE,,4.0,0.5020529675625487,,,,,4.360594973675359,,,,,,,,,,,,,,,15.98566321512906,,,,,,,,,,,,,,,,,,,,,,,,,,
01-distributional-concentration,,,,,,1064.0,PROMETHEUS_ESSP,,4.0,0.628628197157306,,,,,1.3612516630415388,,,,,,,,,,,,,,,14.795785305661695,,,,,,,,,,,,,,,,,,,,,,,,,,
01-distributional-concentration,,,,,,112.0,IBM_SABRE,,5.0,0.5035600538614329,,,,,4.148905914045,,,,,,,,,,,,,,,15.980769081086056,,,,,,,,,,,,,,,,,,,,,,,,,,
01-distributional-concentration,,,,,,1063.0,PROMETHEUS_ESSP,,5.0,0.6564183575987711,,,,,1.1714337260841776,,,,,,,,,,,,,,,14.473324650463288,,,,,,,,,,,,,,,,,,,,,,,,,,
01-distributional-concentration,,,,,,95.0,IBM_SABRE,,6.0,0.5099028330139594,,,,,3.442191678355309,,,,,,,,,,,,,,,15.941732782073244,,,,,,,,,,,,,,,,,,,,,,,,,,
01-distributional-concentration,,,,,,953.0,PROMETHEUS_ESSP,,6.0,0.6529998445243477,,,,,1.1931024139096489,,,,,,,,,,,,,,,14.513777195396504,,,,,,,,,,,,,,,,,,,,,,,,,,
01-distributional-concentration,,,,,,105.0,IBM_SABRE,,7.0,0.5047871115569008,,,,,3.9341742467565175,,,,,,,,,,,,,,,15.973616387879591,,,,,,,,,,,,,,,,,,,,,,,,,,
01-distributional-concentration,,,,,,1088.0,PROMETHEUS_ESSP,,7.0,0.616947419886857,,,,,1.4519564910274554,,,,,,,,,,,,,,,14.926780341981791,,,,,,,,,,,,,,,,,,,,,,,,,,
01-distributional-concentration,,,,,,98.0,IBM_SABRE,,8.0,0.5052836435030066,,,,,3.8360440037589,,,,,,,,,,,,,,,15.969165516689063,,,,,,,,,,,,,,,,,,,,,,,,,,
01-distributional-concentration,,,,,,1140.0,PROMETHEUS_ESSP,,8.0,0.6144893367749641,,,,,1.4720415155826096,,,,,,,,,,,,,,,14.95398440803716,,,,,,,,,,,,,,,,,,,,,,,,,,
01-distributional-concentration,,,,,,97.0,IBM_SABRE,,9.0,0.5079919282815477,,,,,3.581483948201692,,,,,,,,,,,,,,,15.95362398289706,,,,,,,,,,,,,,,,,,,,,,,,,,
01-distributional-concentration,,,,,,1116.0,PROMETHEUS_ESSP,,9.0,0.6261424591906777,,,,,1.3799355375409257,,,,,,,,,,,,,,,14.82389594484992,,,,,,,,,,,,,,,,,,,,,,,,,,
01-distributional-concentration,,,,,,108.0,IBM_SABRE,,10.0,0.503017821261919,,,,,4.230544509114611,,,,,,,,,,,,,,,15.982967562339022,,,,,,,,,,,,,,,,,,,,,,,,,,
01-distributional-concentration,,,,,,973.0,PROMETHEUS_ESSP,,10.0,0.6737114398088234,,,,,1.0678575533494716,,,,,,,,,,,,,,,14.265454023435987,,,,,,,,,,,,,,,,,,,,,,,,,,
01-distributional-concentration,,,,,,96.0,IBM_SABRE,,11.0,0.5092658419613344,,,,,3.46882978313376,,,,,,,,,,,,,,,15.94423269962386,,,,,,,,,,,,,,,,,,,,,,,,,,
01-distributional-concentration,,,,,,992.0,PROMETHEUS_ESSP,,11.0,0.6328158434013967,,,,,1.3304761476765317,,,,,,,,,,,,,,,14.748148269619753,,,,,,,,,,,,,,,,,,,,,,,,,,
01-distributional-concentration,,,,,,107.0,IBM_SABRE,,12.0,0.5024393205161408,,,,,4.331347812047265,,,,,,,,,,,,,,,15.985099841488314,,,,,,,,,,,,,,,,,,,,,,,,,,
01-distributional-concentration,,,,,,1084.0,PROMETHEUS_ESSP,,12.0,0.6521650578592239,,,,,1.198458692162883,,,,,,,,,,,,,,,14.523622855781294,,,,,,,,,,,,,,,,,,,,,,,,,,
01-distributional-concentration,,,,,,108.0,IBM_SABRE,,13.0,0.5021566643899804,,,,,4.360963481238809,,,,,,,,,,,,,,,15.98559793940012,,,,,,,,,,,,,,,,,,,,,,,,,,
01-distributional-concentration,,,,,,1137.0,PROMETHEUS_ESSP,,13.0,0.6156312923579204,,,,,1.462664555373001,,,,,,,,,,,,,,,14.941362159131508,,,,,,,,,,,,,,,,,,,,,,,,,,
01-distributional-concentration,,,,,,106.0,IBM_SABRE,,14.0,0.5029547612828313,,,,,4.295457331392404,,,,,,,,,,,,,,,15.98437028608819,,,,,,,,,,,,,,,,,,,,,,,,,,
01-distributional-concentration,,,,,,1041.0,PROMETHEUS_ESSP,,14.0,0.6363561394435718,,,,,1.305112480763297,,,,,,,,,,,,,,,14.707604869892316,,,,,,,,,,,,,,,,,,,,,,,,,,
01-distributional-concentration,,,,,,104.0,IBM_SABRE,,15.0,0.5029689461742411,,,,,4.23908581480094,,,,,,,,,,,,,,,15.983122343349766,,,,,,,,,,,,,,,,,,,,,,,,,,
01-distributional-concentration,,,,,,1116.0,PROMETHEUS_ESSP,,15.0,0.6191129448305419,,,,,1.434563125750893,,,,,,,,,,,,,,,14.90270816106082,,,,,,,,,,,,,,,,,,,,,,,,,,
01-distributional-concentration,,,,,,112.0,IBM_SABRE,,16.0,0.5032623275477266,,,,,4.1679874320051065,,,,,,,,,,,,,,,15.981387442137091,,,,,,,,,,,,,,,,,,,,,,,,,,
01-distributional-concentration,,,,,,1047.0,PROMETHEUS_ESSP,,16.0,0.6230111097743086,,,,,1.4039340162255964,,,,,,,,,,,,,,,14.85912908084188,,,,,,,,,,,,,,,,,,,,,,,,,,
01-distributional-concentration,,,,,,114.0,IBM_SABRE,,17.0,0.5031978420602651,,,,,4.176101653977704,,,,,,,,,,,,,,,15.981572451066407,,,,,,,,,,,,,,,,,,,,,,,,,,
01-distributional-concentration,,,,,,1051.0,PROMETHEUS_ESSP,,17.0,0.6444631570570103,,,,,1.2491368198153956,,,,,,,,,,,,,,,14.613848423992524,,,,,,,,,,,,,,,,,,,,,,,,,,
01-distributional-concentration,,,,,,98.0,IBM_SABRE,,18.0,0.5047888785988685,,,,,3.902700678765509,,,,,,,,,,,,,,,15.97224046595588,,,,,,,,,,,,,,,,,,,,,,,,,,
01-distributional-concentration,,,,,,1091.0,PROMETHEUS_ESSP,,18.0,0.612759080751612,,,,,1.4864047915319127,,,,,,,,,,,,,,,14.973056022300192,,,,,,,,,,,,,,,,,,,,,,,,,,
01-distributional-concentration,,,,,,107.0,IBM_SABRE,,19.0,0.5057228854791924,,,,,3.802770377608069,,,,,,,,,,,,,,,15.967520030957129,,,,,,,,,,,,,,,,,,,,,,,,,,
01-distributional-concentration,,,,,,1085.0,PROMETHEUS_ESSP,,19.0,0.6396559529359453,,,,,1.2819854308136045,,,,,,,,,,,,,,,14.669595493661673,,,,,,,,,,,,,,,,,,,,,,,,,,
01-distributional-concentration,,,,,,112.0,IBM_SABRE,,20.0,0.5035140276572718,,,,,4.145589203800097,,,,,,,,,,,,,,,15.98075335388712,,,,,,,,,,,,,,,,,,,,,,,,,,
01-distributional-concentration,,,,,,1105.0,PROMETHEUS_ESSP,,20.0,0.656608844656986,,,,,1.170238644559283,,,,,,,,,,,,,,,14.471064244113654,,,,,,,,,,,,,,,,,,,,,,,,,,
01-distributional-concentration,,,,,,96.0,IBM_SABRE,,21.0,0.5039407961571505,,,,,4.067261261557019,,,,,,,,,,,,,,,15.978469100592394,,,,,,,,,,,,,,,,,,,,,,,,,,
01-distributional-concentration,,,,,,1096.0,PROMETHEUS_ESSP,,21.0,0.6124564287840695,,,,,1.4889367700190417,,,,,,,,,,,,,,,14.976385355270237,,,,,,,,,,,,,,,,,,,,,,,,,,
01-distributional-concentration,,,,,,111.0,IBM_SABRE,,22.0,0.5036849737615867,,,,,4.138643497333615,,,,,,,,,,,,,,,15.98053910910452,,,,,,,,,,,,,,,,,,,,,,,,,,
01-distributional-concentration,,,,,,1022.0,PROMETHEUS_ESSP,,22.0,0.6524148173655455,,,,,1.1968534374245228,,,,,,,,,,,,,,,14.52067848649759,,,,,,,,,,,,,,,,,,,,,,,,,,
01-distributional-concentration,,,,,,109.0,IBM_SABRE,,23.0,0.501873917056936,,,,,4.4602551147664,,,,,,,,,,,,,,,15.98730327795674,,,,,,,,,,,,,,,,,,,,,,,,,,
01-distributional-concentration,,,,,,1100.0,PROMETHEUS_ESSP,,23.0,0.6072528430237567,,,,,1.5334188550386565,,,,,,,,,,,,,,,15.033315169552472,,,,,,,,,,,,,,,,,,,,,,,,,,
01-distributional-concentration,,,,,,101.0,IBM_SABRE,,24.0,0.5042203028678175,,,,,4.007578418959408,,,,,,,,,,,,,,,15.97646284133242,,,,,,,,,,,,,,,,,,,,,,,,,,
01-distributional-concentration,,,,,,1144.0,PROMETHEUS_ESSP,,24.0,0.5985894442518546,,,,,1.6117904899620557,,,,,,,,,,,,,,,15.126752749690914,,,,,,,,,,,,,,,,,,,,,,,,,,
01-distributional-concentration,,,,,,97.0,IBM_SABRE,,25.0,0.5069486029963031,,,,,3.679571189196872,,,,,,,,,,,,,,,15.960421358476694,,,,,,,,,,,,,,,,,,,,,,,,,,
01-distributional-concentration,,,,,,1098.0,PROMETHEUS_ESSP,,25.0,0.6022700233123556,,,,,1.5777969756432189,,,,,,,,,,,,,,,15.08726570469421,,,,,,,,,,,,,,,,,,,,,,,,,,
01-distributional-concentration,,,,,,96.0,IBM_SABRE,,26.0,0.5074472500940324,,,,,3.588708303249755,,,,,,,,,,,,,,,15.954217112370282,,,,,,,,,,,,,,,,,,,,,,,,,,
01-distributional-concentration,,,,,,1092.0,PROMETHEUS_ESSP,,26.0,0.6072427175129532,,,,,1.5335072140253752,,,,,,,,,,,,,,,15.033425366431702,,,,,,,,,,,,,,,,,,,,,,,,,,
01-distributional-concentration,,,,,,101.0,IBM_SABRE,,27.0,0.5040029279507513,,,,,4.014731764575495,,,,,,,,,,,,,,,15.976660516590064,,,,,,,,,,,,,,,,,,,,,,,,,,
01-distributional-concentration,,,,,,1133.0,PROMETHEUS_ESSP,,27.0,0.6416290510343277,,,,,1.2683845955673074,,,,,,,,,,,,,,,14.64676775074724,,,,,,,,,,,,,,,,,,,,,,,,,,
01-distributional-concentration,,,,,,110.0,IBM_SABRE,,28.0,0.5026860300532406,,,,,4.248771636942402,,,,,,,,,,,,,,,15.983339824575786,,,,,,,,,,,,,,,,,,,,,,,,,,
01-distributional-concentration,,,,,,1059.0,PROMETHEUS_ESSP,,28.0,0.6730060047343729,,,,,1.0718994685598244,,,,,,,,,,,,,,,14.27403765942811,,,,,,,,,,,,,,,,,,,,,,,,,,
01-distributional-concentration,,,,,,110.0,IBM_SABRE,,29.0,0.501804725843197,,,,,4.464199594755499,,,,,,,,,,,,,,,15.987329897920446,,,,,,,,,,,,,,,,,,,,,,,,,,
01-distributional-concentration,,,,,,991.0,PROMETHEUS_ESSP,,29.0,0.6248981178236406,,,,,1.3894093227464266,,,,,,,,,,,,,,,14.837920918444128,,,,,,,,,,,,,,,,,,,,,,,,,,
01-distributional-concentration,,,,,,104.0,IBM_SABRE,,30.0,0.5026312201239798,,,,,4.263884436385975,,,,,,,,,,,,,,,15.983651370181423,,,,,,,,,,,,,,,,,,,,,,,,,,
01-distributional-concentration,,,,,,1145.0,PROMETHEUS_ESSP,,30.0,0.6413248015425237,,,,,1.2704709481731475,,,,,,,,,,,,,,,14.650292630899507,,,,,,,,,,,,,,,,,,,,,,,,,,
01-distributional-concentration,,,,,,106.0,IBM_SABRE,,31.0,0.5061272991940027,,,,,3.781258105894042,,,,,,,,,,,,,,,15.966364567655594,,,,,,,,,,,,,,,,,,,,,,,,,,
01-distributional-concentration,,,,,,1084.0,PROMETHEUS_ESSP,,31.0,0.6010691281352576,,,,,1.5887708294275116,,,,,,,,,,,,,,,15.10018387637889,,,,,,,,,,,,,,,,,,,,,,,,,,
01-distributional-concentration,,,,,,111.0,IBM_SABRE,,32.0,0.5040110201130963,,,,,4.034403781091299,,,,,,,,,,,,,,,15.977345801529202,,,,,,,,,,,,,,,,,,,,,,,,,,
01-distributional-concentration,,,,,,1146.0,PROMETHEUS_ESSP,,32.0,0.6152040394127691,,,,,1.4661634278443294,,,,,,,,,,,,,,,14.946087923375318,,,,,,,,,,,,,,,,,,,,,,,,,,
01-distributional-concentration,,,,,,104.0,IBM_SABRE,,33.0,0.5042474381428899,,,,,3.980537811834669,,,,,,,,,,,,,,,15.97547799941748,,,,,,,,,,,,,,,,,,,,,,,,,,
01-distributional-concentration,,,,,,1137.0,PROMETHEUS_ESSP,,33.0,0.6294025089161361,,,,,1.3554958993643251,,,,,,,,,,,,,,,14.787003391904054,,,,,,,,,,,,,,,,,,,,,,,,,,
01-distributional-concentration,,,,,,105.0,IBM_SABRE,,34.0,0.5040051420216547,,,,,4.057775504180123,,,,,,,,,,,,,,,15.978115294200608,,,,,,,,,,,,,,,,,,,,,,,,,,
01-distributional-concentration,,,,,,1080.0,PROMETHEUS_ESSP,,34.0,0.6105131730608935,,,,,1.5053359719972292,,,,,,,,,,,,,,,14.997714889319669,,,,,,,,,,,,,,,,,,,,,,,,,,
01-distributional-concentration,,,,,,105.0,IBM_SABRE,,35.0,0.5030576467293388,,,,,4.213595997774563,,,,,,,,,,,,,,,15.982532780424858,,,,,,,,,,,,,,,,,,,,,,,,,,
01-distributional-concentration,,,,,,1137.0,PROMETHEUS_ESSP,,35.0,0.6170575326375342,,,,,1.4510653549343049,,,,,,,,,,,,,,,14.925558702382702,,,,,,,,,,,,,,,,,,,,,,,,,,
01-distributional-concentration,,,,,,98.0,IBM_SABRE,,36.0,0.5040057599052391,,,,,4.025312156185456,,,,,,,,,,,,,,,15.97704722491555,,,,,,,,,,,,,,,,,,,,,,,,,,
01-distributional-concentration,,,,,,1075.0,PROMETHEUS_ESSP,,36.0,0.6605069926975906,,,,,1.1460604414596296,,,,,,,,,,,,,,,14.42466193847263,,,,,,,,,,,,,,,,,,,,,,,,,,
01-distributional-concentration,,,,,,111.0,IBM_SABRE,,37.0,0.5016798712348829,,,,,4.546519490246752,,,,,,,,,,,,,,,15.988460389434907,,,,,,,,,,,,,,,,,,,,,,,,,,
01-distributional-concentration,,,,,,1118.0,PROMETHEUS_ESSP,,37.0,0.6264876258718861,,,,,1.377322036033635,,,,,,,,,,,,,,,14.819999998704583,,,,,,,,,,,,,,,,,,,,,,,,,,
01-distributional-concentration,,,,,,107.0,IBM_SABRE,,38.0,0.5024279137179356,,,,,4.375090616157834,,,,,,,,,,,,,,,15.98587089648004,,,,,,,,,,,,,,,,,,,,,,,,,,
01-distributional-concentration,,,,,,1023.0,PROMETHEUS_ESSP,,38.0,0.6693917592636681,,,,,1.0928411448382256,,,,,,,,,,,,,,,14.3178779157846,,,,,,,,,,,,,,,,,,,,,,,,,,
01-distributional-concentration,,,,,,96.0,IBM_SABRE,,39.0,0.5077882856991326,,,,,3.601623815474472,,,,,,,,,,,,,,,15.95515600289475,,,,,,,,,,,,,,,,,,,,,,,,,,
01-distributional-concentration,,,,,,1129.0,PROMETHEUS_ESSP,,39.0,0.61658808042491,,,,,1.4548696764725708,,,,,,,,,,,,,,,14.930765228832614,,,,,,,,,,,,,,,,,,,,,,,,,,
01-distributional-concentration,,,,,,111.0,IBM_SABRE,,40.0,0.5025539950154225,,,,,4.351332314150502,,,,,,,,,,,,,,,15.985524184966833,,,,,,,,,,,,,,,,,,,,,,,,,,
01-distributional-concentration,,,,,,1096.0,PROMETHEUS_ESSP,,40.0,0.5979485942135598,,,,,1.6178207093069528,,,,,,,,,,,,,,,15.133595920417166,,,,,,,,,,,,,,,,,,,,,,,,,,
01-distributional-concentration,,,,,,114.0,IBM_SABRE,,41.0,0.5027547335762488,,,,,4.202565316790426,,,,,,,,,,,,,,,15.982221963814798,,,,,,,,,,,,,,,,,,,,,,,,,,
01-distributional-concentration,,,,,,962.0,PROMETHEUS_ESSP,,41.0,0.6870331300497353,,,,,0.9941580095358792,,,,,,,,,,,,,,,14.101732369524727,,,,,,,,,,,,,,,,,,,,,,,,,,
01-distributional-concentration,,,,,,108.0,IBM_SABRE,,42.0,0.5025113877878274,,,,,4.357890808754736,,,,,,,,,,,,,,,15.985598844364144,,,,,,,,,,,,,,,,,,,,,,,,,,
01-distributional-concentration,,,,,,1133.0,PROMETHEUS_ESSP,,42.0,0.5958231974144808,,,,,1.6380661158418668,,,,,,,,,,,,,,,15.156222244780636,,,,,,,,,,,,,,,,,,,,,,,,,,
01-distributional-concentration,,,,,,105.0,IBM_SABRE,,43.0,0.5027608720720237,,,,,4.331229506058357,,,,,,,,,,,,,,,15.985079684300878,,,,,,,,,,,,,,,,,,,,,,,,,,
01-distributional-concentration,,,,,,956.0,PROMETHEUS_ESSP,,43.0,0.663550645046042,,,,,1.1275410930533123,,,,,,,,,,,,,,,14.388240114481931,,,,,,,,,,,,,,,,,,,,,,,,,,
01-distributional-concentration,,,,,,95.0,IBM_SABRE,,44.0,0.5049475826647466,,,,,3.9170426340102455,,,,,,,,,,,,,,,15.97298971465492,,,,,,,,,,,,,,,,,,,,,,,,,,
01-distributional-concentration,,,,,,1035.0,PROMETHEUS_ESSP,,44.0,0.6469648160518238,,,,,1.232420569552938,,,,,,,,,,,,,,,14.584664114663312,,,,,,,,,,,,,,,,,,,,,,,,,,
01-distributional-concentration,,,,,,105.0,IBM_SABRE,,45.0,0.506158992682003,,,,,3.764190443714749,,,,,,,,,,,,,,,15.96545814562655,,,,,,,,,,,,,,,,,,,,,,,,,,
01-distributional-concentration,,,,,,976.0,PROMETHEUS_ESSP,,45.0,0.6259826286374408,,,,,1.381147838680748,,,,,,,,,,,,,,,14.825699156916304,,,,,,,,,,,,,,,,,,,,,,,,,,
01-distributional-concentration,,,,,,103.0,IBM_SABRE,,46.0,0.5057464427539513,,,,,3.7902107074111178,,,,,,,,,,,,,,,15.966833119263386,,,,,,,,,,,,,,,,,,,,,,,,,,
01-distributional-concentration,,,,,,957.0,PROMETHEUS_ESSP,,46.0,0.6229624372774971,,,,,1.4043112165327274,,,,,,,,,,,,,,,14.85967514704498,,,,,,,,,,,,,,,,,,,,,,,,,,
01-distributional-concentration,,,,,,96.0,IBM_SABRE,,47.0,0.5070051858296031,,,,,3.686980552371372,,,,,,,,,,,,,,,15.960986280449928,,,,,,,,,,,,,,,,,,,,,,,,,,
01-distributional-concentration,,,,,,997.0,PROMETHEUS_ESSP,,47.0,0.6193738767968099,,,,,1.4324859053207075,,,,,,,,,,,,,,,14.89980097116642,,,,,,,,,,,,,,,,,,,,,,,,,,
01-distributional-concentration,,,,,,110.0,IBM_SABRE,,48.0,0.5037552166426728,,,,,4.054399577252123,,,,,,,,,,,,,,,15.978036105823042,,,,,,,,,,,,,,,,,,,,,,,,,,
01-distributional-concentration,,,,,,964.0,PROMETHEUS_ESSP,,48.0,0.6343147240918723,,,,,1.3196664402945806,,,,,,,,,,,,,,,14.731013135691647,,,,,,,,,,,,,,,,,,,,,,,,,,
01-distributional-concentration,,,,,,102.0,IBM_SABRE,,49.0,0.5032883590040448,,,,,4.170400159131055,,,,,,,,,,,,,,,15.981359543083908,,,,,,,,,,,,,,,,,,,,,,,,,,
01-distributional-concentration,,,,,,995.0,PROMETHEUS_ESSP,,49.0,0.655838532336635,,,,,1.1750793781587014,,,,,,,,,,,,,,,14.480201038160974,,,,,,,,,,,,,,,,,,,,,,,,,,
01-distributional-concentration,,,,,,97.0,IBM_SABRE,,50.0,0.5071928710875475,,,,,3.659423190112568,,,,,,,,,,,,,,,15.959207037453584,,,,,,,,,,,,,,,,,,,,,,,,,,
01-distributional-concentration,,,,,,1074.0,PROMETHEUS_ESSP,,50.0,0.6182253600703138,,,,,1.4416586901295287,,,,,,,,,,,,,,,14.91258656430909,,,,,,,,,,,,,,,,,,,,,,,,,,
01-distributional-concentration,,,,,,111.0,IBM_SABRE,,51.0,0.5021928346084472,,,,,4.384470001233458,,,,,,,,,,,,,,,15.98609684203112,,,,,,,,,,,,,,,,,,,,,,,,,,
01-distributional-concentration,,,,,,990.0,PROMETHEUS_ESSP,,51.0,0.6693749926722586,,,,,1.0929392172261851,,,,,,,,,,,,,,,14.31808075465055,,,,,,,,,,,,,,,,,,,,,,,,,,
01-distributional-concentration,,,,,,96.0,IBM_SABRE,,52.0,0.506715433883809,,,,,3.6943498932273062,,,,,,,,,,,,,,,15.961429146421384,,,,,,,,,,,,,,,,,,,,,,,,,,
01-distributional-concentration,,,,,,1117.0,PROMETHEUS_ESSP,,52.0,0.6381795662403384,,,,,1.2922729923078788,,,,,,,,,,,,,,,14.686627532355322,,,,,,,,,,,,,,,,,,,,,,,,,,
01-distributional-concentration,,,,,,103.0,IBM_SABRE,,53.0,0.5059374346057576,,,,,3.7966298747683824,,,,,,,,,,,,,,,15.967245135065944,,,,,,,,,,,,,,,,,,,,,,,,,,
01-distributional-concentration,,,,,,952.0,PROMETHEUS_ESSP,,53.0,0.6395690406046366,,,,,1.2825883952005122,,,,,,,,,,,,,,,14.670599305156845,,,,,,,,,,,,,,,,,,,,,,,,,,
01-distributional-concentration,,,,,,104.0,IBM_SABRE,,54.0,0.5056987348704877,,,,,3.78030246062581,,,,,,,,,,,,,,,15.96638473659001,,,,,,,,,,,,,,,,,,,,,,,,,,
01-distributional-concentration,,,,,,1136.0,PROMETHEUS_ESSP,,54.0,0.6589918763660814,,,,,1.155395547519919,,,,,,,,,,,,,,,14.442730193847812,,,,,,,,,,,,,,,,,,,,,,,,,,
01-distributional-concentration,,,,,,97.0,IBM_SABRE,,55.0,0.5072950164186092,,,,,3.658426092805992,,,,,,,,,,,,,,,15.959135766471451,,,,,,,,,,,,,,,,,,,,,,,,,,
01-distributional-concentration,,,,,,1105.0,PROMETHEUS_ESSP,,55.0,0.6145434484444678,,,,,1.471595361874254,,,,,,,,,,,,,,,14.953386930250783,,,,,,,,,,,,,,,,,,,,,,,,,,
01-distributional-concentration,,,,,,98.0,IBM_SABRE,,56.0,0.5065144668720395,,,,,3.716631931804024,,,,,,,,,,,,,,,15.962755253765168,,,,,,,,,,,,,,,,,,,,,,,,,,
01-distributional-concentration,,,,,,1107.0,PROMETHEUS_ESSP,,56.0,0.6314642347825077,,,,,1.3403155413462795,,,,,,,,,,,,,,,14.763561764397933,,,,,,,,,,,,,,,,,,,,,,,,,,
01-distributional-concentration,,,,,,102.0,IBM_SABRE,,57.0,0.5041221109339435,,,,,4.027978246552423,,,,,,,,,,,,,,,15.977123302544287,,,,,,,,,,,,,,,,,,,,,,,,,,
01-distributional-concentration,,,,,,1036.0,PROMETHEUS_ESSP,,57.0,0.6768150294068143,,,,,1.050247090558686,,,,,,,,,,,,,,,14.227586487459936,,,,,,,,,,,,,,,,,,,,,,,,,,
01-distributional-concentration,,,,,,109.0,IBM_SABRE,,58.0,0.5025332833290148,,,,,4.277767764342657,,,,,,,,,,,,,,,15.983977574278752,,,,,,,,,,,,,,,,,,,,,,,,,,
01-distributional-concentration,,,,,,1047.0,PROMETHEUS_ESSP,,58.0,0.6513901609310215,,,,,1.2034539417055017,,,,,,,,,,,,,,,14.532750626271564,,,,,,,,,,,,,,,,,,,,,,,,,,
01-distributional-concentration,,,,,,113.0,IBM_SABRE,,59.0,0.5016027454015325,,,,,4.6285622557242725,,,,,,,,,,,,,,,15.989473326983529,,,,,,,,,,,,,,,,,,,,,,,,,,
01-distributional-concentration,,,,,,1087.0,PROMETHEUS_ESSP,,59.0,0.6033651864174564,,,,,1.5678857325334652,,,,,,,,,,,,,,,15.075456147437205,,,,,,,,,,,,,,,,,,,,,,,,,,
01-distributional-concentration,,,,,,108.0,IBM_SABRE,,60.0,0.5054296427268792,,,,,3.816948600977277,,,,,,,,,,,,,,,15.96832403380726,,,,,,,,,,,,,,,,,,,,,,,,,,
01-distributional-concentration,,,,,,1105.0,PROMETHEUS_ESSP,,60.0,0.6576120245389567,,,,,1.1639659977822334,,,,,,,,,,,,,,,14.459149123843048,,,,,,,,,,,,,,,,,,,,,,,,,,
01-distributional-concentration,,,,,,113.0,IBM_SABRE,,61.0,0.5044154881496046,,,,,3.954404049145916,,,,,,,,,,,,,,,15.974415430797228,,,,,,,,,,,,,,,,,,,,,,,,,,
01-distributional-concentration,,,,,,988.0,PROMETHEUS_ESSP,,61.0,0.6369932985166475,,,,,1.300608989721061,,,,,,,,,,,,,,,14.700282111634166,,,,,,,,,,,,,,,,,,,,,,,,,,
01-distributional-concentration,,,,,,105.0,IBM_SABRE,,62.0,0.5056309329961992,,,,,3.811970170862435,,,,,,,,,,,,,,,15.967969780521862,,,,,,,,,,,,,,,,,,,,,,,,,,
01-distributional-concentration,,,,,,1143.0,PROMETHEUS_ESSP,,62.0,0.6332500438611766,,,,,1.3273338331184106,,,,,,,,,,,,,,,14.743189063196056,,,,,,,,,,,,,,,,,,,,,,,,,,
01-distributional-concentration,,,,,,101.0,IBM_SABRE,,63.0,0.502948572429909,,,,,4.226525794832481,,,,,,,,,,,,,,,15.982802088725537,,,,,,,,,,,,,,,,,,,,,,,,,,
01-distributional-concentration,,,,,,989.0,PROMETHEUS_ESSP,,63.0,0.6189899967689843,,,,,1.4355432573396487,,,,,,,,,,,,,,,14.904077500817206,,,,,,,,,,,,,,,,,,,,,,,,,,
01-distributional-concentration,,,,,,100.0,IBM_SABRE,,64.0,0.506255623810012,,,,,3.7648610057149554,,,,,,,,,,,,,,,15.96546418974848,,,,,,,,,,,,,,,,,,,,,,,,,,
01-distributional-concentration,,,,,,1127.0,PROMETHEUS_ESSP,,64.0,0.6042191846155555,,,,,1.5602196889203532,,,,,,,,,,,,,,,15.066228242397798,,,,,,,,,,,,,,,,,,,,,,,,,,
01-distributional-concentration,,,,,,114.0,IBM_SABRE,,65.0,0.5031735856739095,,,,,4.18697849131666,,,,,,,,,,,,,,,15.981833914221186,,,,,,,,,,,,,,,,,,,,,,,,,,
01-distributional-concentration,,,,,,968.0,PROMETHEUS_ESSP,,65.0,0.6259079962159818,,,,,1.381714378125949,,,,,,,,,,,,,,,14.826540984069648,,,,,,,,,,,,,,,,,,,,,,,,,,
01-distributional-concentration,,,,,,109.0,IBM_SABRE,,66.0,0.5036579434351262,,,,,4.086813995573155,,,,,,,,,,,,,,,15.97908437946566,,,,,,,,,,,,,,,,,,,,,,,,,,
01-distributional-concentration,,,,,,979.0,PROMETHEUS_ESSP,,66.0,0.6868275624545458,,,,,0.9952590385907032,,,,,,,,,,,,,,,14.104282017157365,,,,,,,,,,,,,,,,,,,,,,,,,,
01-distributional-concentration,,,,,,112.0,IBM_SABRE,,67.0,0.5048219436532807,,,,,3.884658037502272,,,,,,,,,,,,,,,15.971418786936074,,,,,,,,,,,,,,,,,,,,,,,,,,
01-distributional-concentration,,,,,,963.0,PROMETHEUS_ESSP,,67.0,0.6397931437319518,,,,,1.2810343228312735,,,,,,,,,,,,,,,14.668010684906326,,,,,,,,,,,,,,,,,,,,,,,,,,
01-distributional-concentration,,,,,,107.0,IBM_SABRE,,68.0,0.5026645281745522,,,,,4.281976948591648,,,,,,,,,,,,,,,15.98407345585436,,,,,,,,,,,,,,,,,,,,,,,,,,
01-distributional-concentration,,,,,,1037.0,PROMETHEUS_ESSP,,68.0,0.671354127471483,,,,,1.081421960538649,,,,,,,,,,,,,,,14.294103255357037,,,,,,,,,,,,,,,,,,,,,,,,,,
01-distributional-concentration,,,,,,98.0,IBM_SABRE,,69.0,0.5079048696019908,,,,,3.5732214996607508,,,,,,,,,,,,,,,15.952979390295036,,,,,,,,,,,,,,,,,,,,,,,,,,
01-distributional-concentration,,,,,,1026.0,PROMETHEUS_ESSP,,69.0,0.6782832260446952,,,,,1.042012186540725,,,,,,,,,,,,,,,14.209614164073876,,,,,,,,,,,,,,,,,,,,,,,,,,
01-distributional-concentration,,,,,,114.0,IBM_SABRE,,70.0,0.5044487771049172,,,,,4.02222398321832,,,,,,,,,,,,,,,15.976928909673653,,,,,,,,,,,,,,,,,,,,,,,,,,
01-distributional-concentration,,,,,,1041.0,PROMETHEUS_ESSP,,70.0,0.6203813220093468,,,,,1.4245026887629353,,,,,,,,,,,,,,,14.888563116753213,,,,,,,,,,,,,,,,,,,,,,,,,,
01-distributional-concentration,,,,,,107.0,IBM_SABRE,,71.0,0.5038444104171154,,,,,4.0860583854848365,,,,,,,,,,,,,,,15.979016368440984,,,,,,,,,,,,,,,,,,,,,,,,,,
01-distributional-concentration,,,,,,1100.0,PROMETHEUS_ESSP,,71.0,0.6207933290509533,,,,,1.4212545672483083,,,,,,,,,,,,,,,14.883961168998493,,,,,,,,,,,,,,,,,,,,,,,,,,
01-distributional-concentration,,,,,,101.0,IBM_SABRE,,72.0,0.5033092416119928,,,,,4.122254450259098,,,,,,,,,,,,,,,15.980119707559066,,,,,,,,,,,,,,,,,,,,,,,,,,
01-distributional-concentration,,,,,,1030.0,PROMETHEUS_ESSP,,72.0,0.675722353091764,,,,,1.0564154894994933,,,,,,,,,,,,,,,14.24093765634013,,,,,,,,,,,,,,,,,,,,,,,,,,
01-distributional-concentration,,,,,,99.0,IBM_SABRE,,73.0,0.5065975491178255,,,,,3.7031196146973366,,,,,,,,,,,,,,,15.961896595646383,,,,,,,,,,,,,,,,,,,,,,,,,,
01-distributional-concentration,,,,,,1002.0,PROMETHEUS_ESSP,,73.0,0.674195384645562,,,,,1.0650931609802416,,,,,,,,,,,,,,,14.259560402050957,,,,,,,,,,,,,,,,,,,,,,,,,,
01-distributional-concentration,,,,,,114.0,IBM_SABRE,,74.0,0.5033261985115882,,,,,4.226229203160562,,,,,,,,,,,,,,,15.982834942673623,,,,,,,,,,,,,,,,,,,,,,,,,,
01-distributional-concentration,,,,,,1077.0,PROMETHEUS_ESSP,,74.0,0.6494630090127911,,,,,1.2159754334664334,,,,,,,,,,,,,,,14.555402863217685,,,,,,,,,,,,,,,,,,,,,,,,,,
01-distributional-concentration,,,,,,102.0,IBM_SABRE,,75.0,0.5033474855453866,,,,,4.112316092182635,,,,,,,,,,,,,,,15.97987904775074,,,,,,,,,,,,,,,,,,,,,,,,,,
01-distributional-concentration,,,,,,995.0,PROMETHEUS_ESSP,,75.0,0.6580772901439008,,,,,1.1610687775636113,,,,,,,,,,,,,,,14.453616773762713,,,,,,,,,,,,,,,,,,,,,,,,,,
01-distributional-concentration,,,,,,108.0,IBM_SABRE,,76.0,0.5031613075931571,,,,,4.230987742367833,,,,,,,,,,,,,,,15.982937085450358,,,,,,,,,,,,,,,,,,,,,,,,,,
01-distributional-concentration,,,,,,976.0,PROMETHEUS_ESSP,,76.0,0.6588858237642983,,,,,1.156051915589283,,,,,,,,,,,,,,,14.443993347088544,,,,,,,,,,,,,,,,,,,,,,,,,,
01-distributional-concentration,,,,,,105.0,IBM_SABRE,,77.0,0.502710654083213,,,,,4.353863756752109,,,,,,,,,,,,,,,15.985517363979657,,,,,,,,,,,,,,,,,,,,,,,,,,
01-distributional-concentration,,,,,,1111.0,PROMETHEUS_ESSP,,77.0,0.6515148439372277,,,,,1.2026486729030452,,,,,,,,,,,,,,,14.531282694305348,,,,,,,,,,,,,,,,,,,,,,,,,,
01-distributional-concentration,,,,,,110.0,IBM_SABRE,,78.0,0.5026866282740963,,,,,4.280142029979791,,,,,,,,,,,,,,,15.984050515887466,,,,,,,,,,,,,,,,,,,,,,,,,,
01-distributional-concentration,,,,,,973.0,PROMETHEUS_ESSP,,78.0,0.6238125530023847,,,,,1.3977416176068862,,,,,,,,,,,,,,,14.850130536523553,,,,,,,,,,,,,,,,,,,,,,,,,,
01-distributional-concentration,,,,,,98.0,IBM_SABRE,,79.0,0.5080729743417489,,,,,3.580631206324937,,,,,,,,,,,,,,,15.95361108656808,,,,,,,,,,,,,,,,,,,,,,,,,,
01-distributional-concentration,,,,,,986.0,PROMETHEUS_ESSP,,79.0,0.6753770849775125,,,,,1.058371724063722,,,,,,,,,,,,,,,14.24515207719777,,,,,,,,,,,,,,,,,,,,,,,,,,
01-distributional-concentration,,,,,,103.0,IBM_SABRE,,80.0,0.506748677406132,,,,,3.677972646408885,,,,,,,,,,,,,,,15.960420294078236,,,,,,,,,,,,,,,,,,,,,,,,,,
01-distributional-concentration,,,,,,1138.0,PROMETHEUS_ESSP,,80.0,0.5925894160018101,,,,,1.669622715420502,,,,,,,,,,,,,,,15.190441339142245,,,,,,,,,,,,,,,,,,,,,,,,,,
01-distributional-concentration,,,,,,101.0,IBM_SABRE,,81.0,0.5033937111399183,,,,,4.125990655914329,,,,,,,,,,,,,,,15.980292244930633,,,,,,,,,,,,,,,,,,,,,,,,,,
01-distributional-concentration,,,,,,955.0,PROMETHEUS_ESSP,,81.0,0.6547866299071834,,,,,1.18172391608558,,,,,,,,,,,,,,,14.492660265770963,,,,,,,,,,,,,,,,,,,,,,,,,,
01-distributional-concentration,,,,,,105.0,IBM_SABRE,,82.0,0.5046489999060846,,,,,3.9649270222151607,,,,,,,,,,,,,,,15.974838329529922,,,,,,,,,,,,,,,,,,,,,,,,,,
01-distributional-concentration,,,,,,1004.0,PROMETHEUS_ESSP,,82.0,0.6527570275120533,,,,,1.1946577471634514,,,,,,,,,,,,,,,14.516642361202342,,,,,,,,,,,,,,,,,,,,,,,,,,
01-distributional-concentration,,,,,,102.0,IBM_SABRE,,83.0,0.5039542926764193,,,,,4.052621897744156,,,,,,,,,,,,,,,15.977893454040432,,,,,,,,,,,,,,,,,,,,,,,,,,
01-distributional-concentration,,,,,,1100.0,PROMETHEUS_ESSP,,83.0,0.6506768947810982,,,,,1.208071861857966,,,,,,,,,,,,,,,14.54114258715566,,,,,,,,,,,,,,,,,,,,,,,,,,
01-distributional-concentration,,,,,,96.0,IBM_SABRE,,84.0,0.5041599305418119,,,,,4.0130763106951735,,,,,,,,,,,,,,,15.976662975719512,,,,,,,,,,,,,,,,,,,,,,,,,,
01-distributional-concentration,,,,,,1070.0,PROMETHEUS_ESSP,,84.0,0.6014033143399634,,,,,1.5857057785131403,,,,,,,,,,,,,,,15.096592321180449,,,,,,,,,,,,,,,,,,,,,,,,,,
01-distributional-concentration,,,,,,110.0,IBM_SABRE,,85.0,0.5021251020051504,,,,,4.3459724438429,,,,,,,,,,,,,,,15.985338356147077,,,,,,,,,,,,,,,,,,,,,,,,,,
01-distributional-concentration,,,,,,1100.0,PROMETHEUS_ESSP,,85.0,0.6132955007544763,,,,,1.4819315389276195,,,,,,,,,,,,,,,14.967150259977036,,,,,,,,,,,,,,,,,,,,,,,,,,
01-distributional-concentration,,,,,,101.0,IBM_SABRE,,86.0,0.5050348535097935,,,,,3.940760897570957,,,,,,,,,,,,,,,15.973916165375288,,,,,,,,,,,,,,,,,,,,,,,,,,
01-distributional-concentration,,,,,,983.0,PROMETHEUS_ESSP,,86.0,0.6447282204514388,,,,,1.2473536491244257,,,,,,,,,,,,,,,14.610761798181864,,,,,,,,,,,,,,,,,,,,,,,,,,
01-distributional-concentration,,,,,,105.0,IBM_SABRE,,87.0,0.5039918067985996,,,,,4.047239518709268,,,,,,,,,,,,,,,15.977720537854964,,,,,,,,,,,,,,,,,,,,,,,,,,
01-distributional-concentration,,,,,,1114.0,PROMETHEUS_ESSP,,87.0,0.6103034301779648,,,,,1.5071208866959216,,,,,,,,,,,,,,,15.000012149552594,,,,,,,,,,,,,,,,,,,,,,,,,,
01-distributional-concentration,,,,,,113.0,IBM_SABRE,,88.0,0.503627633865914,,,,,4.094001487410115,,,,,,,,,,,,,,,15.97927618104348,,,,,,,,,,,,,,,,,,,,,,,,,,
01-distributional-concentration,,,,,,1127.0,PROMETHEUS_ESSP,,88.0,0.621027393468145,,,,,1.4194135697463282,,,,,,,,,,,,,,,14.881345195850322,,,,,,,,,,,,,,,,,,,,,,,,,,
01-distributional-concentration,,,,,,96.0,IBM_SABRE,,89.0,0.5051582276280506,,,,,3.8334419556944814,,,,,,,,,,,,,,,15.96908269487196,,,,,,,,,,,,,,,,,,,,,,,,,,
01-distributional-concentration,,,,,,1101.0,PROMETHEUS_ESSP,,89.0,0.6051505406462352,,,,,1.5519207716426973,,,,,,,,,,,,,,,15.056145649793743,,,,,,,,,,,,,,,,,,,,,,,,,,
01-distributional-concentration,,,,,,96.0,IBM_SABRE,,90.0,0.5062804534505446,,,,,3.75544761014725,,,,,,,,,,,,,,,15.965008215412,,,,,,,,,,,,,,,,,,,,,,,,,,
01-distributional-concentration,,,,,,966.0,PROMETHEUS_ESSP,,90.0,0.6885397766881016,,,,,0.986121360054816,,,,,,,,,,,,,,,14.08302342512506,,,,,,,,,,,,,,,,,,,,,,,,,,
01-distributional-concentration,,,,,,97.0,IBM_SABRE,,91.0,0.5072438301429435,,,,,3.654488987547572,,,,,,,,,,,,,,,15.958902900029877,,,,,,,,,,,,,,,,,,,,,,,,,,
01-distributional-concentration,,,,,,1048.0,PROMETHEUS_ESSP,,91.0,0.6717516707366848,,,,,1.0791228150416852,,,,,,,,,,,,,,,14.289278626665489,,,,,,,,,,,,,,,,,,,,,,,,,,
01-distributional-concentration,,,,,,96.0,IBM_SABRE,,92.0,0.5093180828836372,,,,,3.475258012640702,,,,,,,,,,,,,,,15.94488430685658,,,,,,,,,,,,,,,,,,,,,,,,,,
01-distributional-concentration,,,,,,973.0,PROMETHEUS_ESSP,,92.0,0.6323674244986828,,,,,1.333730797251531,,,,,,,,,,,,,,,14.753265963851746,,,,,,,,,,,,,,,,,,,,,,,,,,
01-distributional-concentration,,,,,,100.0,IBM_SABRE,,93.0,0.5060599145593054,,,,,3.777443607362473,,,,,,,,,,,,,,,15.9662226567329,,,,,,,,,,,,,,,,,,,,,,,,,,
01-distributional-concentration,,,,,,1127.0,PROMETHEUS_ESSP,,93.0,0.6016622531058333,,,,,1.58333685346888,,,,,,,,,,,,,,,15.093807697402148,,,,,,,,,,,,,,,,,,,,,,,,,,
01-distributional-concentration,,,,,,104.0,IBM_SABRE,,94.0,0.5025781416949338,,,,,4.313844919725471,,,,,,,,,,,,,,,15.9847695334981,,,,,,,,,,,,,,,,,,,,,,,,,,
01-distributional-concentration,,,,,,1067.0,PROMETHEUS_ESSP,,94.0,0.6138130571028922,,,,,1.4776329456011084,,,,,,,,,,,,,,,14.9614463065156,,,,,,,,,,,,,,,,,,,,,,,,,,
01-distributional-concentration,,,,,,103.0,IBM_SABRE,,95.0,0.5037559768085177,,,,,4.057731015761999,,,,,,,,,,,,,,,15.978086826467274,,,,,,,,,,,,,,,,,,,,,,,,,,
01-distributional-concentration,,,,,,1132.0,PROMETHEUS_ESSP,,95.0,0.617962667429169,,,,,1.4437675857497954,,,,,,,,,,,,,,,14.915507038369483,,,,,,,,,,,,,,,,,,,,,,,,,,
01-distributional-concentration,,,,,,111.0,IBM_SABRE,,96.0,0.5017565268257701,,,,,4.55915426691348,,,,,,,,,,,,,,,15.988617048392127,,,,,,,,,,,,,,,,,,,,,,,,,,
01-distributional-concentration,,,,,,971.0,PROMETHEUS_ESSP,,96.0,0.6608757784270103,,,,,1.1438000480580452,,,,,,,,,,,,,,,14.420257761445349,,,,,,,,,,,,,,,,,,,,,,,,,,
01-distributional-concentration,,,,,,112.0,IBM_SABRE,,97.0,0.5017185980301891,,,,,4.56947516148061,,,,,,,,,,,,,,,15.98882937453008,,,,,,,,,,,,,,,,,,,,,,,,,,
01-distributional-concentration,,,,,,1010.0,PROMETHEUS_ESSP,,97.0,0.638410035718558,,,,,1.2906607408477957,,,,,,,,,,,,,,,14.683971540992216,,,,,,,,,,,,,,,,,,,,,,,,,,
01-distributional-concentration,,,,,,97.0,IBM_SABRE,,98.0,0.5063763344451124,,,,,3.6935094911158415,,,,,,,,,,,,,,,15.961364597621683,,,,,,,,,,,,,,,,,,,,,,,,,,
01-distributional-concentration,,,,,,1135.0,PROMETHEUS_ESSP,,98.0,0.6396147373244161,,,,,1.282271327883013,,,,,,,,,,,,,,,14.67007153981386,,,,,,,,,,,,,,,,,,,,,,,,,,
01-distributional-concentration,,,,,,106.0,IBM_SABRE,,99.0,0.5027133687605952,,,,,4.238977925302684,,,,,,,,,,,,,,,15.983086208577634,,,,,,,,,,,,,,,,,,,,,,,,,,
01-distributional-concentration,,,,,,1079.0,PROMETHEUS_ESSP,,99.0,0.649969416850211,,,,,1.2126713779282408,,,,,,,,,,,,,,,14.549457108254154,,,,,,,,,,,,,,,,,,,,,,,,,,
