1q_gates,Hellinger_distance,Hellinger_fidelity,JSD,Renyi2_entropy,Shannon_entropy,TVD,abstract_2q_operations,algorithmic_success,algorithmic_success_margin_95,benchmark,bootstrap_uncertainty,compile_time_sec,compiler,depth,execution_index,final_native_2q_operations,gate_count,heavy_output_probability,logical_1q_gates,logical_abstract_2q_gates,logical_depth,logical_gate_count,min_entropy,native_2q_operations,one_qubit_depth,routing_induced_2q_overhead,scheduled_duration_dt,semantic_fidelity,status,total_2q_expansion,two_qubit_depth
26,0.0287,0.998353,0.001188,4.990578,4.995258,0.0349,29,,,QFT_5_NONTRIVIAL,"{'Hellinger_fidelity_std': 0.000427, 'TVD_std': 0.004, 'JSD_std': 0.000308}",0.766225,TKET,191,0,47,55,"{'value': 0.1199, 'status': 'VALID'}",7,12,12,19,4.816037,,15,17,,,COMPILED_UNVERIFIED,3.916667,33
125,0.031549,0.99801,0.001436,2.98839,2.994232,0.04,12,,,QFT_3_NONTRIVIAL,"{'Hellinger_fidelity_std': 0.000453, 'TVD_std': 0.004914, 'JSD_std': 0.000327}",1.31945,PROMETHEUS,89,1,12,137,"{'value': 0, 'status': 'VALID'}",4,4,8,8,2.776948,,79,8,,,COMPILED_UNVERIFIED,3.0,12
497,0.22075,0.904913,0.067422,8.195936,8.644291,0.234195,119,,,QAOA_9_MAXCUT,"{'Hellinger_fidelity_std': 0.002843, 'TVD_std': 0.004313, 'JSD_std': 0.002014}",0.064024,PROMETHEUS,324,2,119,616,"{'value': 0.6905, 'status': 'VALID'}",18,13,10,31,5.368849,,252,106,,,COMPILED_UNVERIFIED,9.153846,83
65,0.076649,0.988284,0.008448,7.934199,7.966383,0.085819,86,,,QFT_8_NONTRIVIAL,"{'Hellinger_fidelity_std': 0.00117, 'TVD_std': 0.003882, 'JSD_std': 0.000843}",1.353165,TKET,362,3,146,151,"{'value': 0.3289, 'status': 'VALID'}",11,32,18,43,7.333516,,27,54,,,COMPILED_UNVERIFIED,4.5625,63
191,0.358989,0.758862,0.173044,8.265664,8.623022,0.387771,54,,,QAOA_9_MAXCUT,"{'Hellinger_fidelity_std': 0.004602, 'TVD_std': 0.004674, 'JSD_std': 0.003365}",0.009416,SABRE_O3,102,4,54,245,"{'value': 0.5583, 'status': 'VALID'}",18,13,10,31,6.221623,,68,41,,,COMPILED_UNVERIFIED,4.153846,33
83,0.162503,0.947883,0.028326,4.243636,4.537604,0.088296,19,,,QAOA_5_MAXCUT,"{'Hellinger_fidelity_std': 0.002271, 'TVD_std': 0.004268, 'JSD_std': 0.001261}",0.008598,SABRE_O3,54,5,19,102,"{'value': 0.811, 'status': 'VALID'}",10,7,8,17,3.190997,,39,12,,,COMPILED_UNVERIFIED,2.714286,14
24,0.30625,0.821219,0.13133,5.758402,5.882723,0.354679,29,,,QAOA_6_MAXCUT,"{'Hellinger_fidelity_std': 0.003599, 'TVD_std': 0.004252, 'JSD_std': 0.002686}",0.704588,TKET,177,6,51,53,"{'value': 0.6142, 'status': 'VALID'}",12,9,9,21,4.651088,,12,20,,,COMPILED_UNVERIFIED,5.666667,37
1,0.144004,0.958956,0.020953,1.114582,1.287703,0.0431,2,0.9595,0.003864,GHZ_3,"{'Hellinger_fidelity_std': 0.001951, 'TVD_std': 0.003798, 'JSD_std': 0.001012}",0.466432,TKET,14,7,2,3,"{'value': 0, 'status': 'VALID'}",1,2,4,3,0.992517,,1,0,,,COMPILED_UNVERIFIED,1.0,2
53,0.228289,0.898484,0.052742,1.306288,1.885698,0.1014,8,0.8986,0.005916,GHZ_9,"{'Hellinger_fidelity_std': 0.003058, 'TVD_std': 0.003062, 'JSD_std': 0.00165}",1.292382,PROMETHEUS,38,8,8,61,"{'value': 0, 'status': 'VALID'}",1,8,10,9,1.121863,,29,0,,,COMPILED_UNVERIFIED,1.0,8
42,0.061859,0.992362,0.005514,2.41467,2.690819,0.076699,9,,,QAOA_3_MAXCUT,"{'Hellinger_fidelity_std': 0.000875, 'TVD_std': 0.004669, 'JSD_std': 0.000632}",0.007334,SABRE_O3,38,9,9,51,"{'value': 0.7217, 'status': 'VALID'}",6,3,6,9,1.79636,,28,6,,,COMPILED_UNVERIFIED,3.0,9
10,0.054816,0.994,0.004329,2.311302,2.623265,0.058499,7,,,QAOA_3_MAXCUT,"{'Hellinger_fidelity_std': 0.000738, 'TVD_std': 0.004129, 'JSD_std': 0.000532}",0.573555,TKET,79,10,9,17,"{'value': 0.7177, 'status': 'VALID'}",6,3,6,9,1.701342,,6,4,,,COMPILED_UNVERIFIED,3.0,9
17,0.078554,0.987697,0.008886,3.929486,3.96435,0.0975,16,,,QFT_4_NONTRIVIAL,"{'Hellinger_fidelity_std': 0.001138, 'TVD_std': 0.004818, 'JSD_std': 0.000823}",0.71198,TKET,126,11,24,33,"{'value': 0.1357, 'status': 'VALID'}",6,8,10,14,3.470729,,11,8,,,COMPILED_UNVERIFIED,3.0,22
103,0.073586,0.989199,0.007793,7.938524,7.968849,0.083575,28,,,CrossEnt_8,"{'Hellinger_fidelity_std': 0.001134, 'TVD_std': 0.003697, 'JSD_std': 0.000817}",0.008117,SABRE_O3,46,12,28,131,"{'value': 0, 'status': 'VALID'}",16,13,11,29,7.287712,,32,15,,,COMPILED_UNVERIFIED,2.153846,15
54,0.031393,0.99803,0.001421,2.988788,2.994337,0.0356,6,,,CrossEnt_3,"{'Hellinger_fidelity_std': 0.000457, 'TVD_std': 0.004749, 'JSD_std': 0.00033}",0.860211,PROMETHEUS,29,13,6,60,"{'value': 0, 'status': 'VALID'}",6,3,6,9,2.803897,,25,3,,,COMPILED_UNVERIFIED,2.0,6
32,0.301275,0.826706,0.126724,7.616396,7.817766,0.357814,44,,,QAOA_8_MAXCUT,"{'Hellinger_fidelity_std': 0.0037, 'TVD_std': 0.004276, 'JSD_std': 0.002744}",0.824888,TKET,255,14,84,76,"{'value': 0.533, 'status': 'VALID'}",16,12,11,28,5.993092,,16,32,,,COMPILED_UNVERIFIED,7.0,54
167,0.083083,0.986242,0.009926,5.919187,5.959863,0.0925,46,,,QFT_6_NONTRIVIAL,"{'Hellinger_fidelity_std': 0.001163, 'TVD_std': 0.004329, 'JSD_std': 0.00084}",0.010856,SABRE_O3,111,15,46,213,"{'value': 0.5338, 'status': 'VALID'}",9,18,14,27,5.184425,,74,28,,,COMPILED_UNVERIFIED,2.555556,37
18,0.193449,0.926556,0.053104,6.657744,6.79709,0.228512,22,,,CrossEnt_7,"{'Hellinger_fidelity_std': 0.002615, 'TVD_std': 0.004169, 'JSD_std': 0.001879}",0.785638,TKET,99,16,26,40,"{'value': 0, 'status': 'VALID'}",14,11,10,25,5.904008,,6,11,,,COMPILED_UNVERIFIED,2.363636,18
33,0.040492,0.996724,0.002364,2.982345,2.990745,0.0465,9,,,QFT_3_NONTRIVIAL,"{'Hellinger_fidelity_std': 0.000588, 'TVD_std': 0.004067, 'JSD_std': 0.000424}",0.009041,SABRE_O3,33,17,9,42,"{'value': 0, 'status': 'VALID'}",4,4,8,8,2.845806,,23,5,,,COMPILED_UNVERIFIED,2.25,9
10,0.045661,0.995834,0.003006,2.976561,2.988055,0.0549,7,,,QFT_3_NONTRIVIAL,"{'Hellinger_fidelity_std': 0.000657, 'TVD_std': 0.004652, 'JSD_std': 0.000474}",0.567597,TKET,75,18,9,17,"{'value': 0, 'status': 'VALID'}",4,4,8,8,2.784881,,7,3,,,COMPILED_UNVERIFIED,2.25,9
109,0.051479,0.994707,0.003818,4.970771,4.984919,0.05955,31,,,QFT_5_NONTRIVIAL,"{'Hellinger_fidelity_std': 0.000785, 'TVD_std': 0.004706, 'JSD_std': 0.000566}",0.010735,SABRE_O3,86,19,31,140,"{'value': 0.1198, 'status': 'VALID'}",7,12,12,19,4.714065,,57,19,,,COMPILED_UNVERIFIED,2.583333,28
241,0.083976,0.985946,0.010142,6.920285,6.959454,0.095387,65,,,QFT_7_NONTRIVIAL,"{'Hellinger_fidelity_std': 0.001234, 'TVD_std': 0.004343, 'JSD_std': 0.00089}",0.007525,SABRE_O3,134,20,65,306,"{'value': 0.3738, 'status': 'VALID'}",10,24,16,34,6.333516,,87,41,,,COMPILED_UNVERIFIED,2.708333,47
2324,0.201752,0.920249,0.056839,9.591385,9.77544,0.22167,582,,,QFT_10_NONTRIVIAL,"{'Hellinger_fidelity_std': 0.003258, 'TVD_std': 0.003903, 'JSD_std': 0.002093}",3.617544,PROMETHEUS,1610,21,582,2906,"{'value': 0.2853, 'status': 'VALID'}",13,50,22,63,8.039785,,1144,532,,,COMPILED_UNVERIFIED,11.64,485
62,0.040347,0.996747,0.002347,3.981026,3.990564,0.0484,18,,,QFT_4_NONTRIVIAL,"{'Hellinger_fidelity_std': 0.000602, 'TVD_std': 0.004778, 'JSD_std': 0.000434}",0.011092,SABRE_O3,53,22,18,80,"{'value': 0.1338, 'status': 'VALID'}",6,8,10,14,3.717857,,34,10,,,COMPILED_UNVERIFIED,2.25,18
24,0.229931,0.897058,0.073615,8.535606,8.719293,0.258541,26,,,CrossEnt_9,"{'Hellinger_fidelity_std': 0.003792, 'TVD_std': 0.004387, 'JSD_std': 0.002465}",0.865426,TKET,108,23,36,50,"{'value': 0, 'status': 'VALID'}",18,15,12,33,7.532825,,7,11,,,COMPILED_UNVERIFIED,2.4,22
93,0.033085,0.997812,0.001579,2.214469,2.562666,0.040325,12,,,QAOA_3_MAXCUT,"{'Hellinger_fidelity_std': 0.0005, 'TVD_std': 0.005006, 'JSD_std': 0.00036}",0.056098,PROMETHEUS,76,24,12,105,"{'value': 0.7395, 'status': 'VALID'}",6,3,6,9,1.618827,,63,9,,,COMPILED_UNVERIFIED,4.0,12
39,0.285464,0.843662,0.11103,9.403212,9.691803,0.306641,48,,,QAOA_10_MAXCUT,"{'Hellinger_fidelity_std': 0.003969, 'TVD_std': 0.004544, 'JSD_std': 0.002805}",0.929207,TKET,163,25,84,87,"{'value': 0.6479, 'status': 'VALID'}",20,15,9,35,7.310432,,10,33,,,COMPILED_UNVERIFIED,5.6,33
27,0.274541,0.854936,0.10477,6.698845,6.856427,0.308824,32,,,QAOA_7_MAXCUT,"{'Hellinger_fidelity_std': 0.003358, 'TVD_std': 0.004537, 'JSD_std': 0.002468}",0.734373,TKET,156,26,56,59,"{'value': 0.6172, 'status': 'VALID'}",14,10,9,24,5.467533,,10,22,,,COMPILED_UNVERIFIED,5.6,37
223,0.222997,0.903018,0.068469,9.167875,9.582857,0.230743,64,,,QAOA_10_MAXCUT,"{'Hellinger_fidelity_std': 0.003133, 'TVD_std': 0.004073, 'JSD_std': 0.00216}",0.013528,SABRE_O3,90,27,64,287,"{'value': 0.7186, 'status': 'VALID'}",20,15,9,35,6.844769,,62,49,,,COMPILED_UNVERIFIED,4.266667,28
88,0.055074,0.993943,0.004371,3.963322,3.982179,0.067,14,,,CrossEnt_4,"{'Hellinger_fidelity_std': 0.000805, 'TVD_std': 0.004836, 'JSD_std': 0.000581}",2.14886,PROMETHEUS,48,28,14,102,"{'value': 0, 'status': 'VALID'}",8,5,7,13,3.556393,,36,9,,,COMPILED_UNVERIFIED,2.8,13
1,0.25977,0.869592,0.068708,1.388457,1.974968,0.1294,6,0.8706,0.006579,GHZ_7,"{'Hellinger_fidelity_std': 0.003349, 'TVD_std': 0.003318, 'JSD_std': 0.00186}",0.488508,TKET,30,29,6,7,"{'value': 0, 'status': 'VALID'}",1,6,8,7,1.105008,,1,0,,,COMPILED_UNVERIFIED,1.0,6
1,0.29804,0.830235,0.091042,1.508128,2.296489,0.1676,8,0.8324,0.007321,GHZ_9,"{'Hellinger_fidelity_std': 0.003807, 'TVD_std': 0.003779, 'JSD_std': 0.002185}",0.505048,TKET,38,30,8,9,"{'value': 0, 'status': 'VALID'}",1,8,10,9,1.124692,,1,0,,,COMPILED_UNVERIFIED,1.0,8
211,0.178202,0.937496,0.034666,4.151627,4.50747,0.103666,35,,,QAOA_5_MAXCUT,"{'Hellinger_fidelity_std': 0.002375, 'TVD_std': 0.004609, 'JSD_std': 0.001358}",0.059341,PROMETHEUS,141,31,35,246,"{'value': 0.7973, 'status': 'VALID'}",10,7,8,17,3.044538,,112,28,,,COMPILED_UNVERIFIED,5.0,32
156,0.078692,0.987654,0.008913,5.927764,5.964005,0.092525,30,,,CrossEnt_6,"{'Hellinger_fidelity_std': 0.001147, 'TVD_std': 0.004561, 'JSD_std': 0.000828}",1.306608,PROMETHEUS,84,32,30,186,"{'value': 0, 'status': 'VALID'}",12,9,9,21,5.333516,,58,21,,,COMPILED_UNVERIFIED,3.333333,27
15,0.227808,0.8989,0.054664,3.080604,3.468533,0.136809,15,,,QAOA_4_MAXCUT,"{'Hellinger_fidelity_std': 0.003123, 'TVD_std': 0.004626, 'JSD_std': 0.001751}",0.615158,TKET,104,33,21,30,"{'value': 0.7929, 'status': 'VALID'}",8,6,7,14,2.153286,,7,9,,,COMPILED_UNVERIFIED,3.5,17
15,0.064182,0.991778,0.005928,5.95583,5.97678,0.072825,12,,,CrossEnt_6,"{'Hellinger_fidelity_std': 0.000911, 'TVD_std': 0.004177, 'JSD_std': 0.000656}",0.735646,TKET,63,34,18,27,"{'value': 0, 'status': 'VALID'}",12,9,9,21,5.49981,,4,3,,,COMPILED_UNVERIFIED,2.0,14
1,0.315447,0.810888,0.101955,1.585379,2.476389,0.1879,9,0.8121,0.007656,GHZ_10,"{'Hellinger_fidelity_std': 0.003817, 'TVD_std': 0.003807, 'JSD_std': 0.00222}",0.498528,TKET,42,35,9,10,"{'value': 0, 'status': 'VALID'}",1,9,11,10,1.192975,,1,0,,,COMPILED_UNVERIFIED,1.0,9
440,0.2961,0.832336,0.121878,8.016332,8.477792,0.335997,112,,,QFT_9_NONTRIVIAL,"{'Hellinger_fidelity_std': 0.004334, 'TVD_std': 0.004428, 'JSD_std': 0.002995}",0.010882,SABRE_O3,195,36,112,552,"{'value': 0.4945, 'status': 'VALID'}",12,40,20,52,6.179188,,128,72,,,COMPILED_UNVERIFIED,2.8,67
224,0.115263,0.973605,0.019042,7.846441,7.922949,0.13045,46,,,CrossEnt_8,"{'Hellinger_fidelity_std': 0.001727, 'TVD_std': 0.004313, 'JSD_std': 0.001243}",0.078543,PROMETHEUS,120,37,46,270,"{'value': 0, 'status': 'VALID'}",16,13,11,29,6.629501,,80,33,,,COMPILED_UNVERIFIED,3.538462,41
1,0.275819,0.853635,0.077566,1.442232,2.140615,0.1454,7,0.8546,0.006909,GHZ_8,"{'Hellinger_fidelity_std': 0.003627, 'TVD_std': 0.003631, 'JSD_std': 0.002032}",0.501939,TKET,34,38,7,8,"{'value': 0, 'status': 'VALID'}",1,7,9,8,1.132894,,1,0,,,COMPILED_UNVERIFIED,1.0,7
36,0.31884,0.807017,0.137623,8.707941,8.851667,0.343058,46,,,QAOA_9_MAXCUT,"{'Hellinger_fidelity_std': 0.004007, 'TVD_std': 0.004543, 'JSD_std': 0.002935}",0.833908,TKET,230,39,86,82,"{'value': 0.555, 'status': 'VALID'}",18,13,10,31,7.380822,,16,33,,,COMPILED_UNVERIFIED,6.615385,43
13,0.156263,0.95176,0.024581,1.139677,1.340025,0.0481,2,0.9519,0.004194,GHZ_3,"{'Hellinger_fidelity_std': 0.002005, 'TVD_std': 0.002004, 'JSD_std': 0.00104}",0.071864,SABRE_O3,10,40,2,15,"{'value': 0, 'status': 'VALID'}",1,2,4,3,1.036526,,7,0,,,COMPILED_UNVERIFIED,1.0,2
23,0.042202,0.996441,0.002568,2.979806,2.989772,0.0486,4,,,CrossEnt_3,"{'Hellinger_fidelity_std': 0.000587, 'TVD_std': 0.004352, 'JSD_std': 0.000424}",0.007545,SABRE_O3,18,41,4,27,"{'value': 0, 'status': 'VALID'}",6,3,6,9,2.730249,,13,1,,,COMPILED_UNVERIFIED,1.333333,4
50,0.092934,0.982801,0.012415,6.903462,6.950484,0.107937,66,,,QFT_7_NONTRIVIAL,"{'Hellinger_fidelity_std': 0.001339, 'TVD_std': 0.004195, 'JSD_std': 0.000965}",1.147861,TKET,327,42,108,116,"{'value': 0.3506, 'status': 'VALID'}",10,24,16,34,6.243318,,23,42,,,COMPILED_UNVERIFIED,4.5,61
53,0.06634,0.991217,0.006341,4.948571,4.974414,0.0805,13,,,CrossEnt_5,"{'Hellinger_fidelity_std': 0.000977, 'TVD_std': 0.00476, 'JSD_std': 0.000706}",0.008225,SABRE_O3,36,43,13,66,"{'value': 0, 'status': 'VALID'}",10,7,8,17,4.546245,,24,6,,,COMPILED_UNVERIFIED,1.857143,11
93,0.067665,0.990864,0.006591,6.947446,6.97358,0.077875,26,,,CrossEnt_7,"{'Hellinger_fidelity_std': 0.001065, 'TVD_std': 0.00423, 'JSD_std': 0.000768}",0.007956,SABRE_O3,46,44,26,119,"{'value': 0, 'status': 'VALID'}",14,11,10,25,6.299028,,32,15,,,COMPILED_UNVERIFIED,2.363636,15
117,0.31551,0.810817,0.136987,6.252478,6.628173,0.350884,31,,,QAOA_7_MAXCUT,"{'Hellinger_fidelity_std': 0.003762, 'TVD_std': 0.004575, 'JSD_std': 0.002763}",0.008696,SABRE_O3,73,45,31,148,"{'value': 0.6554, 'status': 'VALID'}",14,10,9,24,4.733124,,50,21,,,COMPILED_UNVERIFIED,3.1,22
601,0.28526,0.843875,0.111393,9.340663,9.676543,0.308313,153,,,QAOA_10_MAXCUT,"{'Hellinger_fidelity_std': 0.003977, 'TVD_std': 0.004355, 'JSD_std': 0.00281}",0.054738,PROMETHEUS,353,46,153,754,"{'value': 0.6456, 'status': 'VALID'}",20,15,9,35,6.828281,,259,138,,,COMPILED_UNVERIFIED,10.2,103
7,0.094122,0.98236,0.012756,2.903051,2.949392,0.1284,4,,,CrossEnt_3,"{'Hellinger_fidelity_std': 0.001319, 'TVD_std': 0.004839, 'JSD_std': 0.000956}",0.556512,TKET,43,47,6,11,"{'value': 0, 'status': 'VALID'}",6,3,6,9,2.548776,,4,1,,,COMPILED_UNVERIFIED,2.0,6
18,0.198426,0.922805,0.039803,1.224903,1.537152,0.0768,3,0.9232,0.005219,GHZ_4,"{'Hellinger_fidelity_std': 0.002613, 'TVD_std': 0.002607, 'JSD_std': 0.001387}",0.008842,SABRE_O3,13,48,3,21,"{'value': 0, 'status': 'VALID'}",1,3,5,4,1.056791,,9,0,,,COMPILED_UNVERIFIED,1.0,3
12,0.133708,0.964564,0.025677,4.816538,4.899435,0.1778,10,,,CrossEnt_5,"{'Hellinger_fidelity_std': 0.00187, 'TVD_std': 0.004702, 'JSD_std': 0.00136}",0.67404,TKET,64,49,16,22,"{'value': 0, 'status': 'VALID'}",10,7,8,17,4.408129,,4,3,,,COMPILED_UNVERIFIED,2.285714,14
35,0.183781,0.93359,0.034074,1.195362,1.559578,0.0662,5,0.9338,0.004873,GHZ_6,"{'Hellinger_fidelity_std': 0.002539, 'TVD_std': 0.002534, 'JSD_std': 0.001336}",1.74037,PROMETHEUS,26,50,5,40,"{'value': 0, 'status': 'VALID'}",1,5,7,6,1.056191,,20,0,,,COMPILED_UNVERIFIED,1.0,5
1,0.238267,0.88968,0.057598,1.328452,1.823399,0.1098,5,0.8902,0.006128,GHZ_6,"{'Hellinger_fidelity_std': 0.002915, 'TVD_std': 0.002896, 'JSD_std': 0.001591}",0.489876,TKET,26,51,5,6,"{'value': 0, 'status': 'VALID'}",1,5,7,6,1.099742,,1,0,,,COMPILED_UNVERIFIED,1.0,5
21,0.079574,0.987376,0.009104,7.929921,7.963899,0.088287,22,,,CrossEnt_8,"{'Hellinger_fidelity_std': 0.001284, 'TVD_std': 0.003996, 'JSD_std': 0.000924}",0.810648,TKET,87,52,28,43,"{'value': 0, 'status': 'VALID'}",16,13,11,29,7.265345,,6,9,,,COMPILED_UNVERIFIED,2.153846,15
258,0.139358,0.961536,0.027759,8.785344,8.888689,0.158231,54,,,CrossEnt_9,"{'Hellinger_fidelity_std': 0.002205, 'TVD_std': 0.004293, 'JSD_std': 0.00158}",0.053088,PROMETHEUS,138,53,54,312,"{'value': 0, 'status': 'VALID'}",18,15,12,33,7.76415,,91,39,,,COMPILED_UNVERIFIED,3.6,48
666,0.08118,0.986863,0.009485,5.926062,5.962179,0.0957,120,,,QFT_6_NONTRIVIAL,"{'Hellinger_fidelity_std': 0.001156, 'TVD_std': 0.004481, 'JSD_std': 0.000835}",1.196015,PROMETHEUS,452,54,120,786,"{'value': 0.478, 'status': 'VALID'}",9,18,14,27,5.411195,,349,102,,,COMPILED_UNVERIFIED,6.666667,111
28,0.212909,0.911394,0.045963,1.257849,1.688403,0.0878,5,0.9122,0.005547,GHZ_6,"{'Hellinger_fidelity_std': 0.002901, 'TVD_std': 0.002891, 'JSD_std': 0.001556}",0.008022,SABRE_O3,19,55,5,33,"{'value': 0, 'status': 'VALID'}",1,5,7,6,1.049308,,13,0,,,COMPILED_UNVERIFIED,1.0,5
140,0.135931,0.963387,0.026358,9.806904,9.896497,0.150895,38,,,CrossEnt_10,"{'Hellinger_fidelity_std': 0.002548, 'TVD_std': 0.00379, 'JSD_std': 0.001701}",0.008053,SABRE_O3,67,56,38,178,"{'value': 0, 'status': 'VALID'}",20,17,13,37,8.643856,,42,21,,,COMPILED_UNVERIFIED,2.235294,24
1644,0.155837,0.95202,0.034594,8.739892,8.862209,0.177084,354,,,QFT_9_NONTRIVIAL,"{'Hellinger_fidelity_std': 0.002482, 'TVD_std': 0.004172, 'JSD_std': 0.001744}",2.476574,PROMETHEUS,1142,57,354,1998,"{'value': 0.3097, 'status': 'VALID'}",12,40,20,52,7.70275,,841,314,,,COMPILED_UNVERIFIED,8.85,310
190,0.099945,0.980122,0.014347,6.884111,6.941986,0.114612,38,,,CrossEnt_7,"{'Hellinger_fidelity_std': 0.001513, 'TVD_std': 0.00448, 'JSD_std': 0.001092}",1.300076,PROMETHEUS,102,58,38,228,"{'value': 0, 'status': 'VALID'}",14,11,10,25,6.107803,,69,27,,,COMPILED_UNVERIFIED,3.454545,34
47,0.208431,0.915001,0.043927,1.252348,1.742341,0.0847,7,0.9153,0.005457,GHZ_8,"{'Hellinger_fidelity_std': 0.002885, 'TVD_std': 0.00287, 'JSD_std': 0.001542}",0.918852,PROMETHEUS,34,59,7,54,"{'value': 0, 'status': 'VALID'}",1,7,9,8,1.076432,,26,0,,,COMPILED_UNVERIFIED,1.0,7
59,0.268075,0.861436,0.073042,1.425072,2.149457,0.1384,9,0.8616,0.006768,GHZ_10,"{'Hellinger_fidelity_std': 0.003494, 'TVD_std': 0.003498, 'JSD_std': 0.001942}",1.316569,PROMETHEUS,42,60,9,68,"{'value': 0, 'status': 'VALID'}",1,9,11,10,1.175599,,32,0,,,COMPILED_UNVERIFIED,1.0,9
292,0.155084,0.952477,0.034206,9.735409,9.862898,0.17058,62,,,CrossEnt_10,"{'Hellinger_fidelity_std': 0.002614, 'TVD_std': 0.003693, 'JSD_std': 0.001722}",0.058197,PROMETHEUS,156,61,62,354,"{'value': 0, 'status': 'VALID'}",20,17,13,37,7.965784,,102,45,,,COMPILED_UNVERIFIED,3.647059,55
297,0.12539,0.968802,0.022516,4.924878,5.462074,0.145209,60,,,QAOA_6_MAXCUT,"{'Hellinger_fidelity_std': 0.001756, 'TVD_std': 0.004618, 'JSD_std': 0.001269}",0.056783,PROMETHEUS,167,62,60,357,"{'value': 0.7801, 'status': 'VALID'}",12,9,9,21,3.57175,,128,51,,,COMPILED_UNVERIFIED,6.666667,45
899,0.115733,0.973391,0.019224,6.851354,6.923147,0.137325,165,,,QFT_7_NONTRIVIAL,"{'Hellinger_fidelity_std': 0.001651, 'TVD_std': 0.004466, 'JSD_std': 0.001193}",2.323678,PROMETHEUS,605,63,165,1064,"{'value': 0.3722, 'status': 'VALID'}",10,24,16,34,6.107803,,466,141,,,COMPILED_UNVERIFIED,6.875,147
1,0.218555,0.906749,0.048415,1.272241,1.662792,0.0926,4,0.9074,0.005681,GHZ_5,"{'Hellinger_fidelity_std': 0.003, 'TVD_std': 0.002983, 'JSD_std': 0.001615}",0.473768,TKET,22,64,4,5,"{'value': 0, 'status': 'VALID'}",1,4,6,5,1.064917,,1,0,,,COMPILED_UNVERIFIED,1.0,4
101,0.13877,0.961857,0.027423,9.798709,9.892293,0.150666,135,,,QFT_10_NONTRIVIAL,"{'Hellinger_fidelity_std': 0.002713, 'TVD_std': 0.003819, 'JSD_std': 0.00177}",1.865311,TKET,474,65,225,236,"{'value': 0.3313, 'status': 'VALID'}",13,50,22,63,8.429731,,35,85,,,COMPILED_UNVERIFIED,4.5,81
41,0.199828,0.921732,0.040321,1.232411,1.668973,0.0781,6,0.9219,0.005259,GHZ_7,"{'Hellinger_fidelity_std': 0.002675, 'TVD_std': 0.002667, 'JSD_std': 0.00142}",1.955093,PROMETHEUS,30,66,6,47,"{'value': 0, 'status': 'VALID'}",1,6,8,7,1.078868,,23,0,,,COMPILED_UNVERIFIED,1.0,6
43,0.230083,0.896926,0.053772,1.303105,1.901044,0.1021,8,0.8979,0.005934,GHZ_9,"{'Hellinger_fidelity_std': 0.00304, 'TVD_std': 0.003045, 'JSD_std': 0.001647}",0.008566,SABRE_O3,28,67,8,51,"{'value': 0, 'status': 'VALID'}",1,8,10,9,1.063409,,19,0,,,COMPILED_UNVERIFIED,1.0,8
23,0.143607,0.95918,0.020744,1.118351,1.325317,0.0407,3,0.9593,0.003873,GHZ_4,"{'Hellinger_fidelity_std': 0.001923, 'TVD_std': 0.001912, 'JSD_std': 0.000993}",1.171692,PROMETHEUS,18,68,3,26,"{'value': 0, 'status': 'VALID'}",1,3,5,4,1.027969,,14,0,,,COMPILED_UNVERIFIED,1.0,3
9,0.028852,0.998336,0.001201,3.990511,3.995214,0.0327,6,,,CrossEnt_4,"{'Hellinger_fidelity_std': 0.000411, 'TVD_std': 0.004204, 'JSD_std': 0.000297}",0.596408,TKET,41,69,8,15,"{'value': 0, 'status': 'VALID'}",8,5,7,13,3.809954,,3,1,,,COMPILED_UNVERIFIED,1.6,7
18,0.320623,0.80497,0.113307,4.667701,4.839726,0.233677,20,,,QAOA_5_MAXCUT,"{'Hellinger_fidelity_std': 0.004071, 'TVD_std': 0.004594, 'JSD_std': 0.002541}",0.699267,TKET,157,70,32,38,"{'value': 0.661, 'status': 'VALID'}",10,7,8,17,3.631288,,10,13,,,COMPILED_UNVERIFIED,4.571429,27
100,0.319647,0.806091,0.143012,5.003288,5.482206,0.398886,28,,,QAOA_6_MAXCUT,"{'Hellinger_fidelity_std': 0.003911, 'TVD_std': 0.004583, 'JSD_std': 0.002955}",0.008774,SABRE_O3,73,71,28,128,"{'value': 0.6904, 'status': 'VALID'}",12,9,9,21,3.811979,,50,19,,,COMPILED_UNVERIFIED,3.111111,22
172,0.18267,0.934377,0.034387,2.79793,3.277915,0.076339,27,,,QAOA_4_MAXCUT,"{'Hellinger_fidelity_std': 0.002584, 'TVD_std': 0.003818, 'JSD_std': 0.001381}",0.055065,PROMETHEUS,119,72,27,199,"{'value': 0.8334, 'status': 'VALID'}",8,6,7,14,2.017417,,95,21,,,COMPILED_UNVERIFIED,4.5,26
119,0.095783,0.981735,0.013182,8.897416,8.947403,0.109775,33,,,CrossEnt_9,"{'Hellinger_fidelity_std': 0.001596, 'TVD_std': 0.003904, 'JSD_std': 0.001147}",0.007954,SABRE_O3,58,73,33,152,"{'value': 0, 'status': 'VALID'}",18,15,12,33,8.158429,,38,18,,,COMPILED_UNVERIFIED,2.2,20
174,0.161623,0.948439,0.037142,7.381976,7.685279,0.176142,50,,,QAOA_8_MAXCUT,"{'Hellinger_fidelity_std': 0.002334, 'TVD_std': 0.004479, 'JSD_std': 0.001684}",0.008092,SABRE_O3,111,74,50,224,"{'value': 0.6928, 'status': 'VALID'}",16,12,11,28,5.461164,,76,38,,,COMPILED_UNVERIFIED,4.166667,34
23,0.187903,0.930632,0.035709,1.200278,1.529674,0.0688,4,0.9312,0.004961,GHZ_5,"{'Hellinger_fidelity_std': 0.002389, 'TVD_std': 0.002393, 'JSD_std': 0.001261}",0.007838,SABRE_O3,16,75,4,27,"{'value': 0, 'status': 'VALID'}",1,4,6,5,1.033274,,11,0,,,COMPILED_UNVERIFIED,1.0,4
32,0.376774,0.736235,0.192533,3.167398,3.324142,0.44,8,,,CrossEnt_4,"{'Hellinger_fidelity_std': 0.004305, 'TVD_std': 0.002309, 'JSD_std': 0.003015}",0.007369,SABRE_O3,26,76,8,40,"{'value': 0, 'status': 'VALID'}",8,5,7,13,2.980512,,18,3,,,COMPILED_UNVERIFIED,1.6,7
74,0.195197,0.925248,0.039516,3.025437,3.413931,0.098179,15,,,QAOA_4_MAXCUT,"{'Hellinger_fidelity_std': 0.002738, 'TVD_std': 0.00456, 'JSD_std': 0.001475}",0.008848,SABRE_O3,45,77,15,89,"{'value': 0.8182, 'status': 'VALID'}",8,6,7,14,2.202904,,34,9,,,COMPILED_UNVERIFIED,2.5,10
38,0.215647,0.909156,0.04708,1.269292,1.785774,0.0904,7,0.9096,0.00562,GHZ_8,"{'Hellinger_fidelity_std': 0.002819, 'TVD_std': 0.002831, 'JSD_std': 0.001508}",0.008614,SABRE_O3,25,78,7,45,"{'value': 0, 'status': 'VALID'}",1,7,9,8,1.074304,,17,0,,,COMPILED_UNVERIFIED,1.0,7
1,0.18855,0.930161,0.035884,1.204293,1.502207,0.0696,3,0.9304,0.004988,GHZ_4,"{'Hellinger_fidelity_std': 0.002465, 'TVD_std': 0.002452, 'JSD_std': 0.001302}",0.466343,TKET,18,79,3,4,"{'value': 0, 'status': 'VALID'}",1,3,5,4,1.058593,,1,0,,,COMPILED_UNVERIFIED,1.0,3
67,0.083828,0.985995,0.010108,5.922825,5.959974,0.09445,18,,,CrossEnt_6,"{'Hellinger_fidelity_std': 0.001222, 'TVD_std': 0.004326, 'JSD_std': 0.000882}",0.007991,SABRE_O3,42,80,18,85,"{'value': 0, 'status': 'VALID'}",12,9,9,21,5.429731,,28,9,,,COMPILED_UNVERIFIED,2.0,14
334,0.28811,0.840875,0.115652,7.135038,7.519243,0.333062,95,,,QFT_8_NONTRIVIAL,"{'Hellinger_fidelity_std': 0.003948, 'TVD_std': 0.004595, 'JSD_std': 0.002815}",0.009195,SABRE_O3,194,81,95,429,"{'value': 0.4086, 'status': 'VALID'}",11,32,18,43,5.506353,,131,63,,,COMPILED_UNVERIFIED,2.96875,63
561,0.157842,0.950793,0.035446,9.741299,9.860289,0.175767,150,,,QFT_10_NONTRIVIAL,"{'Hellinger_fidelity_std': 0.002892, 'TVD_std': 0.003709, 'JSD_std': 0.001867}",0.010451,SABRE_O3,280,82,150,711,"{'value': 0.3711, 'status': 'VALID'}",13,50,22,63,8.643856,,198,100,,,COMPILED_UNVERIFIED,3.0,82
336,0.15341,0.953484,0.033309,6.16764,6.567536,0.153929,68,,,QAOA_7_MAXCUT,"{'Hellinger_fidelity_std': 0.002067, 'TVD_std': 0.004378, 'JSD_std': 0.001476}",0.05887,PROMETHEUS,189,83,68,404,"{'value': 0.7785, 'status': 'VALID'}",14,10,9,24,4.316169,,145,58,,,COMPILED_UNVERIFIED,6.8,50
27,0.203647,0.918775,0.057607,9.611942,9.777448,0.222305,28,,,CrossEnt_10,"{'Hellinger_fidelity_std': 0.003352, 'TVD_std': 0.003654, 'JSD_std': 0.002082}",0.940673,TKET,99,84,38,55,"{'value': 0, 'status': 'VALID'}",20,17,13,37,8.243318,,7,11,,,COMPILED_UNVERIFIED,2.235294,22
407,0.055108,0.993935,0.004374,4.967226,4.982846,0.0633,59,,,QFT_5_NONTRIVIAL,"{'Hellinger_fidelity_std': 0.000815, 'TVD_std': 0.004706, 'JSD_std': 0.000587}",0.868896,PROMETHEUS,269,85,59,466,"{'value': 0.1143, 'status': 'VALID'}",7,12,12,19,4.673003,,221,47,,,COMPILED_UNVERIFIED,4.916667,52
48,0.26795,0.86156,0.073121,1.418186,2.144524,0.1376,9,0.8624,0.006752,GHZ_10,"{'Hellinger_fidelity_std': 0.003659, 'TVD_std': 0.003631, 'JSD_std': 0.002043}",0.00809,SABRE_O3,31,86,9,57,"{'value': 0, 'status': 'VALID'}",1,9,11,10,1.126266,,21,0,,,COMPILED_UNVERIFIED,1.0,9
270,0.052555,0.994484,0.003981,3.9685,3.984094,0.0636,39,,,QFT_4_NONTRIVIAL,"{'Hellinger_fidelity_std': 0.000792, 'TVD_std': 0.005006, 'JSD_std': 0.000572}",1.237589,PROMETHEUS,191,87,39,309,"{'value': 0.1121, 'status': 'VALID'}",6,8,10,14,3.68966,,157,31,,,COMPILED_UNVERIFIED,4.875,39
122,0.064357,0.991734,0.005966,4.950297,4.975721,0.0768,22,,,CrossEnt_5,"{'Hellinger_fidelity_std': 0.000972, 'TVD_std': 0.004898, 'JSD_std': 0.000702}",1.586662,PROMETHEUS,66,88,22,144,"{'value': 0, 'status': 'VALID'}",10,7,8,17,4.420434,,47,15,,,COMPILED_UNVERIFIED,3.142857,20
17,0.109184,0.9763,0.011953,1.068778,1.190751,0.0237,2,0.9763,0.002981,GHZ_3,"{'Hellinger_fidelity_std': 0.001579, 'TVD_std': 0.001574, 'JSD_std': 0.000804}",2.00209,PROMETHEUS,14,89,2,19,"{'value': 0, 'status': 'VALID'}",1,2,4,3,1.034456,,11,0,,,COMPILED_UNVERIFIED,1.0,2
82,0.155925,0.951966,0.03467,8.738548,8.861689,0.179578,109,,,QFT_9_NONTRIVIAL,"{'Hellinger_fidelity_std': 0.002429, 'TVD_std': 0.004204, 'JSD_std': 0.001715}",1.621112,TKET,423,90,183,191,"{'value': 0.3447, 'status': 'VALID'}",12,40,20,52,7.532825,,31,69,,,COMPILED_UNVERIFIED,4.575,73
33,0.204419,0.918172,0.042334,1.238401,1.704986,0.0811,6,0.9189,0.005351,GHZ_7,"{'Hellinger_fidelity_std': 0.002659, 'TVD_std': 0.002643, 'JSD_std': 0.001419}",0.007421,SABRE_O3,22,91,6,39,"{'value': 0, 'status': 'VALID'}",1,6,8,7,1.043051,,15,0,,,COMPILED_UNVERIFIED,1.0,6
29,0.167574,0.944626,0.028272,1.162837,1.463637,0.0553,4,0.9447,0.00448,GHZ_5,"{'Hellinger_fidelity_std': 0.002389, 'TVD_std': 0.002382, 'JSD_std': 0.001246}",1.312081,PROMETHEUS,22,92,4,33,"{'value': 0, 'status': 'VALID'}",1,4,6,5,1.056791,,17,0,,,COMPILED_UNVERIFIED,1.0,4
1303,0.118418,0.972151,0.020052,7.857447,7.922222,0.132069,278,,,QFT_8_NONTRIVIAL,"{'Hellinger_fidelity_std': 0.001707, 'TVD_std': 0.003952, 'JSD_std': 0.001219}",3.514293,PROMETHEUS,893,93,278,1581,"{'value': 0.3271, 'status': 'VALID'}",11,32,18,43,7.137965,,666,246,,,COMPILED_UNVERIFIED,8.6875,244
37,0.073321,0.989277,0.00774,5.938995,5.969057,0.087425,45,,,QFT_6_NONTRIVIAL,"{'Hellinger_fidelity_std': 0.001095, 'TVD_std': 0.004721, 'JSD_std': 0.000791}",0.937747,TKET,248,94,75,82,"{'value': 0.4627, 'status': 'VALID'}",9,18,14,27,5.435963,,19,27,,,COMPILED_UNVERIFIED,4.166667,43
458,0.194607,0.92569,0.053683,7.403789,7.735767,0.222965,111,,,QAOA_8_MAXCUT,"{'Hellinger_fidelity_std': 0.002665, 'TVD_std': 0.00473, 'JSD_std': 0.001936}",0.061955,PROMETHEUS,312,95,111,569,"{'value': 0.6602, 'status': 'VALID'}",16,12,11,28,5.054093,,235,99,,,COMPILED_UNVERIFIED,9.25,83
