Hellinger_fidelity,TVD,benchmark,compiler,depth,execution_index,logical_abstract_2q_gates,routing_induced_2q_overhead,routing_induced_swaps,semantic_fidelity,status
0.745065,0.407166,CrossEnt_9_INST_5,PROMETHEUS,986,0,72,1092,0,,COMPILED_UNVERIFIED
0.901119,0.246969,QAOA_6_INST_1,SABRE_O3,42,1,6,15,0,,COMPILED_UNVERIFIED
0.905085,0.224779,CrossEnt_6_INST_1,TKET,229,2,30,30,27,,COMPILED_UNVERIFIED
0.643855,0.441354,CrossEnt_9_INST_5,SABRE_O3,264,3,72,121,0,,COMPILED_UNVERIFIED
0.926257,0.189312,QAOA_9_INST_3,SABRE_O3,74,4,11,22,0,,COMPILED_UNVERIFIED
0.859088,0.286812,QAOA_6_INST_4,TKET,218,5,10,17,7,,COMPILED_UNVERIFIED
0.892353,0.242357,CrossEnt_7_INST_2,TKET,279,6,42,44,38,,COMPILED_UNVERIFIED
0.95994,0.142023,QAOA_7_INST_5,TKET,123,7,7,12,5,,COMPILED_UNVERIFIED
0.758416,0.399346,CrossEnt_7_INST_4,PROMETHEUS,577,8,42,420,0,,COMPILED_UNVERIFIED
0.914222,0.213569,QAOA_8_INST_4,PROMETHEUS,245,9,13,76,0,,COMPILED_UNVERIFIED
0.546946,0.559307,CrossEnt_7_INST_3,SABRE_O3,190,10,42,72,0,,COMPILED_UNVERIFIED
0.87587,0.268193,QAOA_8_INST_5,PROMETHEUS,238,11,10,91,0,,COMPILED_UNVERIFIED
0.970131,0.117099,QAOA_7_INST_3,SABRE_O3,46,12,7,13,0,,COMPILED_UNVERIFIED
0.67657,0.467482,CrossEnt_8_INST_4,SABRE_O3,222,13,56,91,0,,COMPILED_UNVERIFIED
0.918525,0.214298,QAOA_8_INST_3,PROMETHEUS,190,14,10,76,0,,COMPILED_UNVERIFIED
0.974398,0.108262,QAOA_6_INST_3,PROMETHEUS,150,15,6,30,0,,COMPILED_UNVERIFIED
0.708818,0.430479,QAOA_9_INST_5,SABRE_O3,67,16,13,22,0,,COMPILED_UNVERIFIED
0.872216,0.275207,QAOA_7_INST_4,TKET,219,17,12,24,12,,COMPILED_UNVERIFIED
0.544672,0.553378,CrossEnt_9_INST_4,PROMETHEUS,986,18,72,1092,0,,COMPILED_UNVERIFIED
0.89337,0.249891,QAOA_6_INST_2,SABRE_O3,42,19,6,15,0,,COMPILED_UNVERIFIED
0.935619,0.185368,QAOA_7_INST_1,PROMETHEUS,205,20,8,68,0,,COMPILED_UNVERIFIED
0.772337,0.398112,CrossEnt_7_INST_2,PROMETHEUS,577,21,42,420,0,,COMPILED_UNVERIFIED
0.585266,0.532142,CrossEnt_7_INST_5,SABRE_O3,192,22,42,72,0,,COMPILED_UNVERIFIED
0.896705,0.237382,CrossEnt_6_INST_3,TKET,229,23,30,30,27,,COMPILED_UNVERIFIED
0.905271,0.220629,CrossEnt_7_INST_3,TKET,279,24,42,44,38,,COMPILED_UNVERIFIED
0.96138,0.14904,QAOA_6_INST_1,TKET,112,25,6,10,4,,COMPILED_UNVERIFIED
0.958921,0.13915,QAOA_7_INST_3,TKET,95,26,7,10,3,,COMPILED_UNVERIFIED
0.955303,0.152642,QAOA_6_INST_4,SABRE_O3,96,27,10,16,0,,COMPILED_UNVERIFIED
0.683464,0.475206,CrossEnt_8_INST_2,PROMETHEUS,778,28,56,735,0,,COMPILED_UNVERIFIED
0.54274,0.531471,QAOA_9_INST_1,SABRE_O3,153,29,17,55,0,,COMPILED_UNVERIFIED
0.969915,0.132303,QAOA_6_INST_2,TKET,112,30,6,10,4,,COMPILED_UNVERIFIED
0.686789,0.44793,CrossEnt_9_INST_2,TKET,429,31,72,102,72,,COMPILED_UNVERIFIED
0.892716,0.25628,QAOA_7_INST_1,TKET,145,32,8,12,4,,COMPILED_UNVERIFIED
0.712408,0.43484,CrossEnt_6_INST_2,SABRE_O3,148,33,30,41,0,,COMPILED_UNVERIFIED
0.917668,0.21223,QAOA_8_INST_2,PROMETHEUS,219,34,10,82,0,,COMPILED_UNVERIFIED
0.501023,0.599063,CrossEnt_8_INST_5,PROMETHEUS,778,35,56,735,0,,COMPILED_UNVERIFIED
0.773152,0.370631,CrossEnt_8_INST_5,TKET,320,36,56,58,52,,COMPILED_UNVERIFIED
0.880282,0.268759,QAOA_8_INST_5,SABRE_O3,75,37,10,23,0,,COMPILED_UNVERIFIED
0.907882,0.221146,CrossEnt_6_INST_5,TKET,229,38,30,30,27,,COMPILED_UNVERIFIED
0.936174,0.17629,QAOA_6_INST_4,PROMETHEUS,221,39,10,52,0,,COMPILED_UNVERIFIED
0.394759,0.665428,CrossEnt_9_INST_1,PROMETHEUS,986,40,72,1092,0,,COMPILED_UNVERIFIED
0.984268,0.095217,QAOA_6_INST_5,PROMETHEUS,101,41,6,18,0,,COMPILED_UNVERIFIED
0.839351,0.311955,CrossEnt_6_INST_3,PROMETHEUS,419,42,30,240,0,,COMPILED_UNVERIFIED
0.650026,0.487097,CrossEnt_8_INST_2,SABRE_O3,221,43,56,91,0,,COMPILED_UNVERIFIED
0.810108,0.340609,CrossEnt_9_INST_5,TKET,429,44,72,102,72,,COMPILED_UNVERIFIED
0.886725,0.242775,QAOA_8_INST_3,TKET,197,45,10,18,8,,COMPILED_UNVERIFIED
0.590136,0.493327,CrossEnt_9_INST_2,SABRE_O3,265,46,72,121,0,,COMPILED_UNVERIFIED
0.839242,0.301501,QAOA_9_INST_4,PROMETHEUS,391,47,16,199,0,,COMPILED_UNVERIFIED
0.86171,0.284774,QAOA_9_INST_1,PROMETHEUS,347,48,17,170,0,,COMPILED_UNVERIFIED
0.730472,0.405471,CrossEnt_9_INST_4,TKET,429,49,72,102,72,,COMPILED_UNVERIFIED
0.931412,0.193231,QAOA_6_INST_3,TKET,117,50,6,10,4,,COMPILED_UNVERIFIED
0.607793,0.520693,CrossEnt_9_INST_1,TKET,429,51,72,102,72,,COMPILED_UNVERIFIED
0.913069,0.208911,QAOA_8_INST_1,PROMETHEUS,247,52,12,96,0,,COMPILED_UNVERIFIED
0.636682,0.49096,CrossEnt_8_INST_1,SABRE_O3,221,53,56,91,0,,COMPILED_UNVERIFIED
0.731838,0.422058,CrossEnt_9_INST_3,TKET,429,54,72,102,72,,COMPILED_UNVERIFIED
0.902777,0.228657,QAOA_8_INST_1,TKET,185,55,12,23,11,,COMPILED_UNVERIFIED
0.979869,0.102518,QAOA_6_INST_1,PROMETHEUS,101,56,6,18,0,,COMPILED_UNVERIFIED
0.844725,0.299684,CrossEnt_7_INST_3,PROMETHEUS,577,57,42,420,0,,COMPILED_UNVERIFIED
0.965711,0.141857,QAOA_6_INST_5,TKET,112,58,6,10,4,,COMPILED_UNVERIFIED
0.532663,0.554264,CrossEnt_9_INST_3,SABRE_O3,265,59,72,121,0,,COMPILED_UNVERIFIED
0.342728,0.67781,CrossEnt_9_INST_1,SABRE_O3,264,60,72,121,0,,COMPILED_UNVERIFIED
0.847306,0.309947,CrossEnt_8_INST_2,TKET,320,61,56,58,52,,COMPILED_UNVERIFIED
0.873185,0.267409,QAOA_9_INST_5,TKET,154,62,13,23,10,,COMPILED_UNVERIFIED
0.944321,0.188022,QAOA_7_INST_2,PROMETHEUS,138,63,7,37,0,,COMPILED_UNVERIFIED
0.883511,0.272026,CrossEnt_6_INST_4,TKET,229,64,30,30,27,,COMPILED_UNVERIFIED
0.723898,0.403242,QAOA_8_INST_4,SABRE_O3,87,65,13,32,0,,COMPILED_UNVERIFIED
0.885431,0.254938,CrossEnt_7_INST_1,TKET,279,66,42,44,38,,COMPILED_UNVERIFIED
0.97462,0.126484,QAOA_7_INST_5,PROMETHEUS,110,67,7,22,0,,COMPILED_UNVERIFIED
0.689617,0.468806,QAOA_8_INST_3,SABRE_O3,65,68,10,19,0,,COMPILED_UNVERIFIED
0.928983,0.20828,QAOA_7_INST_2,TKET,151,69,7,13,6,,COMPILED_UNVERIFIED
0.871363,0.27466,CrossEnt_8_INST_4,TKET,320,70,56,58,52,,COMPILED_UNVERIFIED
0.824543,0.319037,QAOA_9_INST_2,PROMETHEUS,367,71,15,180,0,,COMPILED_UNVERIFIED
0.586202,0.536542,CrossEnt_9_INST_2,PROMETHEUS,986,72,72,1092,0,,COMPILED_UNVERIFIED
0.49215,0.582137,CrossEnt_7_INST_2,SABRE_O3,193,73,42,72,0,,COMPILED_UNVERIFIED
0.829634,0.326369,QAOA_8_INST_2,SABRE_O3,77,74,10,22,0,,COMPILED_UNVERIFIED
0.889845,0.24986,QAOA_9_INST_3,TKET,149,75,11,15,4,,COMPILED_UNVERIFIED
0.643648,0.486049,CrossEnt_9_INST_3,PROMETHEUS,986,76,72,1092,0,,COMPILED_UNVERIFIED
0.890177,0.24228,QAOA_9_INST_3,PROMETHEUS,266,77,11,98,0,,COMPILED_UNVERIFIED
0.6871,0.458125,CrossEnt_8_INST_1,PROMETHEUS,778,78,56,735,0,,COMPILED_UNVERIFIED
0.922769,0.192281,QAOA_9_INST_2,SABRE_O3,102,79,15,41,0,,COMPILED_UNVERIFIED
0.942774,0.175126,QAOA_7_INST_1,SABRE_O3,67,80,8,14,0,,COMPILED_UNVERIFIED
0.87763,0.267181,QAOA_8_INST_5,TKET,201,81,10,19,9,,COMPILED_UNVERIFIED
0.729395,0.409159,CrossEnt_6_INST_2,PROMETHEUS,419,82,30,240,0,,COMPILED_UNVERIFIED
0.920715,0.199273,QAOA_7_INST_4,PROMETHEUS,260,83,12,78,0,,COMPILED_UNVERIFIED
0.563378,0.543744,CrossEnt_7_INST_1,SABRE_O3,192,84,42,72,0,,COMPILED_UNVERIFIED
0.43872,0.638194,CrossEnt_8_INST_5,SABRE_O3,222,85,56,91,0,,COMPILED_UNVERIFIED
0.79347,0.384266,CrossEnt_6_INST_1,SABRE_O3,149,86,30,41,0,,COMPILED_UNVERIFIED
0.892587,0.257946,QAOA_6_INST_5,SABRE_O3,42,87,6,15,0,,COMPILED_UNVERIFIED
0.364256,0.668842,CrossEnt_9_INST_4,SABRE_O3,265,88,72,121,0,,COMPILED_UNVERIFIED
0.835362,0.316668,QAOA_9_INST_4,TKET,210,89,16,35,19,,COMPILED_UNVERIFIED
0.755165,0.403169,CrossEnt_7_INST_1,PROMETHEUS,577,90,42,420,0,,COMPILED_UNVERIFIED
0.979668,0.110179,QAOA_7_INST_2,SABRE_O3,50,91,7,14,0,,COMPILED_UNVERIFIED
0.758917,0.37922,QAOA_8_INST_2,TKET,180,92,10,20,10,,COMPILED_UNVERIFIED
0.824509,0.315805,CrossEnt_8_INST_1,TKET,320,93,56,58,52,,COMPILED_UNVERIFIED
0.882525,0.254322,QAOA_9_INST_4,SABRE_O3,90,94,16,36,0,,COMPILED_UNVERIFIED
0.633854,0.485767,CrossEnt_8_INST_3,PROMETHEUS,778,95,56,735,0,,COMPILED_UNVERIFIED
0.774763,0.381746,CrossEnt_6_INST_5,SABRE_O3,146,96,30,41,0,,COMPILED_UNVERIFIED
0.873241,0.265181,CrossEnt_7_INST_5,TKET,279,97,42,44,38,,COMPILED_UNVERIFIED
0.870269,0.266978,CrossEnt_7_INST_4,TKET,279,98,42,44,38,,COMPILED_UNVERIFIED
0.795819,0.350474,QAOA_9_INST_2,TKET,273,99,15,28,13,,COMPILED_UNVERIFIED
0.887658,0.243083,QAOA_8_INST_4,TKET,175,100,13,24,11,,COMPILED_UNVERIFIED
0.690714,0.459423,CrossEnt_8_INST_4,PROMETHEUS,778,101,56,735,0,,COMPILED_UNVERIFIED
0.881827,0.241667,QAOA_8_INST_1,SABRE_O3,87,102,12,27,0,,COMPILED_UNVERIFIED
0.513253,0.574922,CrossEnt_7_INST_4,SABRE_O3,190,103,42,72,0,,COMPILED_UNVERIFIED
0.961532,0.144653,QAOA_7_INST_3,PROMETHEUS,158,104,7,37,0,,COMPILED_UNVERIFIED
0.832364,0.304848,QAOA_9_INST_5,PROMETHEUS,359,105,13,175,0,,COMPILED_UNVERIFIED
0.842173,0.313258,CrossEnt_6_INST_1,PROMETHEUS,419,106,30,240,0,,COMPILED_UNVERIFIED
0.981709,0.096133,QAOA_7_INST_5,SABRE_O3,40,107,7,15,0,,COMPILED_UNVERIFIED
0.841396,0.313078,CrossEnt_6_INST_5,PROMETHEUS,419,108,30,240,0,,COMPILED_UNVERIFIED
0.574883,0.515479,CrossEnt_8_INST_3,SABRE_O3,226,109,56,91,0,,COMPILED_UNVERIFIED
0.808201,0.34402,QAOA_9_INST_1,TKET,279,110,17,36,19,,COMPILED_UNVERIFIED
0.681943,0.455125,QAOA_7_INST_4,SABRE_O3,99,111,12,27,0,,COMPILED_UNVERIFIED
0.818659,0.331285,CrossEnt_8_INST_3,TKET,320,112,56,58,52,,COMPILED_UNVERIFIED
0.80077,0.334544,CrossEnt_6_INST_3,SABRE_O3,146,113,30,41,0,,COMPILED_UNVERIFIED
0.785879,0.365026,CrossEnt_6_INST_4,PROMETHEUS,419,114,30,240,0,,COMPILED_UNVERIFIED
0.749563,0.386222,CrossEnt_6_INST_4,SABRE_O3,150,115,30,41,0,,COMPILED_UNVERIFIED
0.814248,0.330206,CrossEnt_6_INST_2,TKET,229,116,30,30,27,,COMPILED_UNVERIFIED
0.781095,0.371317,QAOA_6_INST_3,SABRE_O3,50,117,6,9,0,,COMPILED_UNVERIFIED
0.985036,0.092483,QAOA_6_INST_2,PROMETHEUS,101,118,6,18,0,,COMPILED_UNVERIFIED
0.772598,0.37584,CrossEnt_7_INST_5,PROMETHEUS,577,119,42,420,0,,COMPILED_UNVERIFIED
